ID,carbon_footprint
0x42e7,642.6881713336212
0x1950,732.5833040809775
0x20e5,1045.3038223117785
0x4378,768.2099363449671
0x1301,774.5057360533635
0x33b3,571.1504285160001
0x3750,749.425101046522
0x3e50,791.8577332562273
0x10e5,943.1508010384368
0x1924,876.2944859592398
0x51db,1008.0565027575362
0x287d,757.5287181955024
0x113c,687.4129136199713
0x33b4,837.801653882439
0x33ae,952.0607796913816
0x3b50,952.6269088311742
0x3cbc,812.2475226296704
0x14f0,950.4877290009864
0x1c14,1047.6436242705286
0x27ff,764.75451899671
0x4216,667.142658744055
0x19f2,855.0447481484098
0x1f2f,771.9579649488345
0x356d,1169.9560225513019
0x1b61,1139.9592805144046
0x4f49,656.8943858284213
0xe3b,539.8141414753582
0x27d4,1064.3543982830404
0x4379,886.2372424871351
0x11fa,853.9741883588255
0x4784,789.3874612095308
0xb31,539.4444051258992
0x4977,698.9343748599135
0x3986,885.2112784695921
0x3804,896.3330750251004
0x3671,650.8642122853441
0x4d2c,758.6551281087696
0x1382,724.123613369605
0x3524,1084.5939201048557
0x1693,1134.4833092394272
0x444f,984.1570129615754
0x1234,785.137893183151
0x51cb,546.886364259837
0x23a8,842.0053897326738
0x3ca8,672.0290564512311
0x1acd,825.4614633338658
0x26d3,832.5542705497988
0x857,484.38293980541175
0x4712,679.0845447800224
0x4de9,863.184318439779
0x49f9,909.0301665462482
0xf4c,1135.6765342625629
0x457a,607.6812230829706
0x4c88,733.0289737449478
0x5188,938.6356408854823
0x166e,765.5617631525342
0x1b9b,649.9180533459487
0x3cdb,781.2867667642696
0x2835,444.62289241928215
0x49d9,488.65933979202265
0x15f7,764.3788099791634
0x26a0,633.7035843241516
0x2fef,575.7822133422303
0x32ec,865.1181411786747
0x2218,1182.7415006108101
0x45a1,701.3191672053365
0x50cb,644.2846078378772
0x132e,768.0722390910481
0x3f4,991.100235581707
0xbff,1026.6022545027843
0x3514,751.4506862213253
0x4091,1037.3826623109005
0x1432,498.01834759986986
0x3a31,418.5030042933765
0xc37,993.0376926561589
0x3906,953.3909613448899
0x412c,577.8175209127688
0x13da,831.6205935619525
0x1dbe,786.8268975033175
0x591,866.9221079460496
0x3eb8,723.1388301963254
0x931,596.2514419912727
0x484f,977.2663210677064
0x424d,795.0699312162341
0x9f4,734.2335112995103
0x3fba,707.1238655317094
0x3df4,486.64081467574425
0x3f26,892.9611399899962
0x4403,1077.4525085080893
0x3fa7,482.4351098572302
0x258d,840.7022172516425
0x13aa,692.550836964854
0x512e,636.1851933669104
0xc4b,856.1104754553259
0xbeb,749.2827628415688
0x475f,671.5754545362805
0x4a0c,650.3650035620163
0x367f,698.2221928903792
0x1c68,541.4566150866077
0x475a,893.8699234397199
0x20e4,743.5911469358363
0x3f03,465.6911665501533
0x1e5b,595.6703704128195
0x512b,1331.541392231851
0x40bb,610.1308308055585
0x3203,1050.896572692252
0x1a84,511.08252867432975
0x2bc4,804.0118828432165
0x490b,780.7580601850066
0x15c0,787.5019387477067
0x4f80,830.2157079751117
0x4c29,855.2357213894626
0x1e20,932.4856029700466
0xba1,589.7839415779574
0x3fd1,810.3029090118721
0x62f,711.6254931646445
0x4fde,563.8894292710273
0x12dd,611.3972843667036
0x43bf,891.7008719666354
0x4139,752.4213864161451
0x4e01,611.0373500006873
0x22d6,648.2940761670875
0x306c,924.8267010828146
0x2bbb,650.3080264758538
0x4f22,731.7848751589725
0x485,807.744554155325
0x18d1,880.5531071103043
0x3c56,538.6990744751413
0x271e,849.2683291287121
0x48bb,1199.196655688184
0x3e71,630.1295006050693
0x4093,727.3143267994468
0x2104,942.6878706566226
0x29cc,880.1332073324527
0x4c16,674.9511950976054
0x5b6,844.5923101535632
0x1abb,882.0240585623951
0x4726,855.8264332150817
0x1f10,672.1442981873316
0x3962,832.2094214301635
0x4862,825.4338329800355
0xfcc,979.8404384916771
0x10c1,640.47666016287
0x48f3,897.9027982702935
0xb65,588.449668868627
0x2f57,867.8343547791075
0x1f33,793.1900943372494
0x48d4,796.6070285651839
0x45b9,921.2602586018553
0x489d,590.4709942807258
0x4c5f,620.354422977589
0x197b,875.9353864650146
0x295d,605.5992650968927
0x470f,918.8053483520204
0x3947,823.8757579843566
0x1097,741.4342724124311
0x1953,753.6321967413827
0x25ce,765.8623459032628
0xa45,687.1814588941636
0x4df0,817.6984250429679
0xb97,622.8601701057989
0x23e6,867.0807872767325
0x47cc,585.6995639722185
0x470a,781.0994943007264
0x7ba,722.6663966985541
0x4024,1043.195658732152
0x4ec4,776.1446723220738
0x333c,542.039857622176
0x2e4d,939.5617584553535
0x3e5c,593.2700024149636
0x4e25,1101.615113229818
0x2d68,908.2510735047166
0x145c,475.3717449030676
0x428a,1036.4536700464716
0x3f99,870.5189354399581
0x415c,380.7378232272565
0x8aa,822.9840367709081
0x3be0,675.526154792345
0x40ca,574.3193286750562
0x46b3,689.716669855951
0x230e,868.6909477537703
0x9aa,569.0218211078467
0x29df,1133.6244866337502
0x22d7,822.580727711314
0x171b,598.8546030365491
0x216d,759.1160082229446
0x1047,743.3751645108026
0x3b70,999.4328371860366
0x1283,895.52234371267
0x927,699.3113113828522
0x365a,967.3402669457138
0x417c,614.8934399962892
0x46a7,680.1417471512088
0x30cd,721.1927693355124
0x3b7c,967.9743870667073
0xe81,700.3534669898573
0x1a7e,777.3271248455447
0x898,1039.505756639026
0x4dcf,482.4948369089047
0xbd6,708.9373581912508
0x2baa,1089.011888886265
0x1c71,1030.8702065701789
0x3057,1022.1044694267323
0x289e,976.9238027165247
0x4ceb,730.9350747572175
0x10f4,886.4479006766948
0x2eba,615.2538971950391
0x267d,855.5270369945555
0x1b7e,501.0308894825634
0x24bb,969.6859568062312
0x26f9,610.5540589447073
0x3af3,959.5366703881785
0x134c,1055.071028520259
0x308c,739.280533097194
0x2c7b,915.1080311182296
0x4e0,922.2696981667893
0x4755,931.6263881080649
0x95d,987.88553462141
0x41ef,605.7237826504542
0x2eb0,1090.2512313951634
0x395c,1012.3790131535543
0x4fb2,1057.503792788128
0x1865,774.4391203462611
0x1f01,826.3176806824378
0x84c,667.1574552329728
0x2192,669.9064236762902
0x23df,576.5632860786337
0x1ebf,729.6692292190511
0x4165,584.6599117285318
0x12d0,756.5045076228779
0x44cf,672.0631240531914
0x4781,720.5927422653849
0x474a,750.1541470527633
0x45e4,889.7250290609537
0x3e82,598.981672975059
0x4160,898.7629962270088
0x423,610.9094823201792
0x30df,574.5322057097969
0x34ea,742.7129601229493
0x165b,517.2622847274605
0x111b,832.5323836527772
0x4bab,545.5831802513884
0x2265,639.9971897692419
0x3f3a,550.3760051147264
0x31cd,1125.0292020311322
0x3f9e,864.569205532108
0xcd9,796.089677953018
0x3b9e,581.9688834522558
0x4d37,528.5895074794631
0x4a71,726.0143688981291
0x4620,665.8682300702394
0x3adb,764.4344935912995
0x3261,584.5180705061218
0xfe8,686.7074547211398
0x39ca,666.6703651250501
0x3c6e,803.3566521151791
0x15ad,457.42074168812667
0x1b21,792.5105625018144
0x21e7,861.2826585262497
0x3120,613.3143913435737
0x2037,892.962321567537
0x13c0,785.8351063624146
0x4386,1206.0565022595151
0xb12,719.974276686002
0x27b6,888.239013675498
0x1fd5,897.3863829306057
0x3e4d,934.8710229757874
0x3c0a,720.0822642999383
0x15cc,687.194119226687
0x3405,638.1546690639519
0x407e,573.9800330933986
0x263e,1162.8377533599155
0x2aad,643.082448157219
0x1459,744.1762482016126
0x1d77,865.7350944836879
0x515c,546.0239499002299
0x2ea1,455.7598829957765
0x2369,515.2311829343248
0x4b44,561.4964140950447
0x3cd4,689.498196808551
0x47bc,465.4749385952534
0x14cd,857.7594276688345
0xb92,390.70430242165577
0x2deb,897.7285215089153
0x2ab3,591.9577773988077
0x29ef,773.1401760692346
0x368e,476.0852954068269
0x1967,1013.5036951988052
0x22fa,815.2343823053027
0x409d,697.7494045407835
0x4385,925.60638514624
0x1a35,726.797811065196
0x3ef0,655.0403936212934
0x268c,764.3681033320751
0x40cb,688.7046533087325
0x4529,1289.6897585835895
0x50f1,930.395103086653
0x28d1,842.9775827764605
0x18d9,903.0078267334545
0x3dcc,1188.0154643670858
0x667,505.0513218302673
0x4ff1,998.9619611888044
0x40d5,1113.690324380445
0x2674,948.6711240767048
0x1862,1212.3323861700153
0x12c9,505.4106574929905
0x1810,759.520750674506
0x6aa,600.8629582187814
0x2775,1012.6111354330567
0x105e,784.6138393805314
0x956,612.5543420761704
0x1bc3,1290.6383555642471
0x4532,579.4870915298503
0x41b7,1245.5916043086213
0x2e1f,510.1034353057555
0x33c4,448.3949711062859
0x51c9,710.3274033768431
0x483f,846.701844831101
0x3084,846.6662425503513
0x2f63,1147.4830921830028
0x4230,685.6541998085992
0x3482,691.556132291018
0x32eb,668.3461747712478
0x3aa1,726.199902218041
0x4ea4,609.1579716668413
0x4826,1066.592580333254
0x80f,526.0524775034412
0x4d0e,858.6588889530701
0x4a34,639.8324801796235
0x14f7,625.1021655437405
0x478,775.7064321911649
0x49b3,953.1438525671518
0x2d93,672.292259814307
0xfee,877.0839510744497
0x48c0,968.3486433613621
0x9d4,886.1664345246526
0x2c44,903.3813809074351
0x3d34,493.73682558856757
0x442e,924.0973206415003
0x2094,641.3429059736811
0xf01,373.27603654971574
0x3c1b,589.7003440950815
0x535,738.5018689019786
0xd90,738.6856714022992
0x4f58,558.4836857533841
0x856,1424.32068547612
0x1607,475.6753824014441
0x492c,658.6457300034095
0x2275,841.8506030422433
0x41e5,848.7196540604119
0x42f3,1030.8451228643617
0x15dc,1066.236316611247
0x1099,881.9777884072279
0x2c40,901.1879303887954
0x464f,766.5856592385524
0x2910,794.410973912909
0x17c4,722.6755350116754
0x258b,616.5750142522846
0x3334,762.2297495410126
0x309d,777.3783278247447
0x476e,693.5045469740047
0x4014,772.384751776237
0x1c45,1073.1229469388043
0x4771,1095.2195244646468
0x758,789.1897069407654
0x1bd7,711.4655590829396
0x4388,686.4589534284232
0x120e,670.1042700577652
0x38fc,809.9983084111802
0xa20,649.8677741906026
0xddc,904.553535348076
0x122b,1125.749391098588
0x94b,847.9176453942681
0x2eb7,714.156028155669
0x11a8,1137.8627609156063
0x3168,453.8903711488184
0x2a74,1059.811677448617
0x3fe4,824.7768077138942
0x722,981.7221937123262
0x4656,809.3568993370304
0x22d4,574.8521220178785
0x3e37,1127.1365311104692
0x346f,729.6133064038881
0x2bd2,995.1352004981122
0xa6b,944.5188263202087
0x45c7,464.9761689013505
0x2344,566.0136835493714
0x40a6,615.7358826332064
0x45bf,653.8686118913031
0xead,814.5524915146018
0x43e0,681.0894772205281
0x2c35,500.49577724176567
0x4f19,552.1937769105776
0x2827,770.429973561172
0x13f1,643.3687748335191
0x2d52,646.0052970437893
0xb56,811.7139435657322
0x3c34,698.8139386010812
0x22b4,712.9657338522717
0x1df9,1002.8692318490732
0xf4b,912.2495882952549
0x2ba1,765.1269539354588
0x3555,734.298176057962
0x1fe7,617.7563271593968
0x4e82,1144.2933159596723
0x48dc,1066.8609012762026
0x870,797.8319145350418
0xc6f,550.1691444344591
0x3918,1123.9183426346772
0x2774,769.7754456121588
0x26f4,802.8579605748878
0x1610,692.9064977046625
0x20f9,795.7419794430334
0x3a6c,762.8963196000323
0x4ba7,734.5274452742804
0x46e5,1078.7371824800498
0xfce,881.2485560873752
0x3bbf,1042.0485201416416
0x212c,787.9871013763977
0x7a5,532.4083192658208
0x4527,1227.0713807993097
0x36fb,603.4831870891442
0x45cb,1212.9371642291844
0x75a,864.2447386357429
0x33f0,747.2171081862831
0x50a2,582.3745451764095
0x454e,762.3219685360177
0x4044,876.463831349849
0x177f,625.0542901507439
0x3307,750.3736117056046
0xe03,686.7581782907674
0x12b0,791.1341262917052
0xa6a,569.2586093738078
0x2795,697.6980947035815
0xd88,684.4660462545596
0x113e,711.9135308780233
0x25c5,488.4288120736654
0x3c51,748.6472025467478
0x3052,885.0666784873195
0x27a7,789.932253915566
0x250f,427.1538345763546
0x2574,510.32231025636736
0x3136,790.8700674242574
0x509b,724.4921540326164
0x416d,908.179118422366
0x5206,842.8796936143091
0x5ce,685.3066233526374
0xe84,752.2714538321821
0x181b,957.1055055174679
0x2799,538.0814683450876
0x362b,856.6514982105768
0x2890,664.0688750890505
0xfab,883.7597989093497
0x4466,935.4581456710617
0x360b,762.3022286934424
0x4114,766.7679390578287
0x344d,608.3929662684103
0x4d8,847.9286450075847
0xce1,1054.4459684669976
0xeac,628.2170334799154
0x14e5,936.4346138174848
0x40a0,853.8430424842604
0xdc2,981.0433700882512
0x5089,827.7025871441583
0x38da,764.9577214524173
0xd8a,916.1684348747534
0x39ba,703.2585724456769
0x888,477.236227152606
0xb90,420.87371063761276
0x4eb4,680.5239804533502
0xd69,836.2184044146708
0x4831,697.2731248145967
0x73b,628.4175980841953
0x2e90,785.1453569457797
0x16aa,964.7386706606945
0x2e37,884.8686721450713
0x287e,800.1290684167885
0x1d84,891.8477978272439
0x4200,617.4928779321218
0x492d,740.0578963316935
0x1cf3,588.7359526901839
0x40a4,787.6462483593807
0x4abc,566.7786365453612
0x17e7,834.0634086580112
0x3b53,502.61998532673425
0x1699,682.0448180289942
0x4b5a,758.9649224088589
0x4e62,865.7886751079892
0x469f,696.218535385179
0x24c5,658.4434227375937
0x2b87,960.7887066563438
0x398d,785.8786810474263
0x107b,1046.7320086750499
0xd56,983.3661277194368
0xf03,704.8483984951401
0x3372,659.6082347446601
0x4012,844.5536943549832
0x155e,1003.8383755244785
0x4ea5,1079.4382539295316
0x2838,725.4368583138945
0x1ad7,618.8373164090464
0x3cf5,464.5636206146183
0x51df,1060.9722419149157
0x4eea,819.5907119246946
0x2815,1174.0579446457332
0x2b5f,755.9363004160607
0x35cc,1154.7873056315855
0x255c,667.8334754415401
0xba9,791.4620839155148
0x306b,642.9486881357869
0x1754,840.3804613507782
0x2793,703.2135902381932
0x3d70,689.5676906772567
0x1719,706.4133908382465
0x39d6,618.4600161965683
0x32b3,1077.992243397533
0x328b,763.7585848876145
0x4f37,451.3229090913508
0x1c01,604.8098703833303
0x3114,591.0306936759265
0xdba,731.1856811649984
0x2bd8,1040.8543784860094
0x4a67,720.0314075895012
0x420,746.0235992898872
0xa5d,833.1889326135171
0x479d,708.7523489731283
0x4e4f,967.3524270806412
0x2bd6,822.9836186989455
0x31b3,861.140519496614
0x2548,620.3199304594641
0x6cc,794.8293415397511
0x3bfc,660.1878789996093
0x1dfa,917.8345998507591
0xffc,689.620166823213
0x2fd8,776.8872132607312
0x35b9,737.2495004860633
0x2a92,631.3638247941093
0x5a1,880.2732883689532
0x2a0a,790.5668677333854
0x3d64,774.77956136767
0x1ffe,820.617821984621
0x3c6a,668.7623357693625
0xcf7,737.8231991408599
0x2c0a,699.8457954732115
0x44f9,785.6327788061113
0x48e2,824.2596301134577
0x2b95,1104.623892377422
0xf77,1110.5514203513653
0x2d30,764.7511458109369
0x2fd1,712.516878314583
0x4075,669.8600648197805
0x10b8,741.9237617595495
0x2760,667.1466491155403
0x3d86,807.4365928186459
0x20bb,687.1663067413488
0x1de4,967.5958541425546
0x5129,781.4211800486397
0x206b,789.4617743108514
0x3d04,786.9353790317131
0x4ca,581.6364183578343
0x4c06,755.6054516548639
0x51c,692.5940044905639
0x2e48,844.6589848965896
0xc1d,471.918946510516
0x1142,1311.703748103452
0x1636,799.3140521979644
0xd99,900.584138321979
0x2603,487.27250886034665
0x47d4,794.54360407663
0xbc8,723.9446637747418
0x49e5,1160.922510330535
0x33aa,952.547266668209
0x32a1,943.664868463091
0x2b9f,896.8367372005987
0x486,859.7624990226282
0x23c8,1023.0453265904293
0x356b,585.7128991345727
0x12d8,552.1781846104917
0x4ad6,832.5299428881023
0x38b2,805.7585218005111
0x2c6b,766.7516643918538
0xf2c,826.8998180302495
0x4654,592.7347647512875
0x4801,1053.75448494729
0x3713,1057.6267975579162
0x24e1,874.4851827776868
0x4b80,827.0873491260594
0x1cf7,595.2135358294577
0x4fe1,878.0038283243993
0x2db7,772.9039980146079
0x2596,702.3604765846837
0x2243,1139.1342811844086
0xe27,685.7879746093776
0x194d,678.9495492684441
0x4875,655.7203200370129
0x23a7,945.7604036153332
0x432a,763.166766132284
0x2397,756.0907838693952
0x270e,1065.2250286147957
0xecc,1047.3234196436524
0x4551,1046.022958681536
0x119a,799.0818468301445
0x1813,533.2263030885406
0x3e84,1104.75844064374
0x51b5,756.0114711481715
0x26e1,796.8670994418725
0x2755,825.169235250761
0x2bf4,725.5355423554513
0x5189,714.1143614725656
0x3178,458.31617545384177
0x1861,592.4223746618626
0x17c9,491.26372708483177
0x1799,648.1203279372313
0x372f,975.1230648202605
0x237c,1122.778734151348
0x3e6f,408.84127912987896
0x9b2,680.655594089952
0x16ae,629.4392369449357
0x2aca,926.4958660058852
0x11e6,983.4463189136264
0x3166,453.1980123810164
0x4436,1209.4182592975646
0x15cf,463.5844153183586
0x3452,584.6142188301508
0x29c1,1011.3303087955193
0xaaa,604.6342411302269
0x4802,1040.508357176062
0x380c,601.0817986625331
0x49c,578.1229878577094
0x4d27,439.4814975274749
0x44ba,543.3148993585801
0x4e7b,782.4044452522387
0x12e5,1027.1392726424813
0x2d6f,1022.4593295944986
0xc99,753.0065060394323
0x1740,543.7870652778762
0x462b,697.1694630238954
0x3ab7,785.8616672052381
0x20f7,1283.0985961855895
0xfdb,771.9354787309145
0x2976,697.1959894277294
0x3da4,652.9059952690443
0x1203,705.3793535649096
0x4593,613.6859010486035
0x980,1014.0267411750406
0x36a5,713.1174141027649
0x3b09,890.9449242939685
0x371a,993.7526965843062
0x2fb6,810.4218136874553
0x4084,700.766492356887
0x34e3,743.722874239143
0xfaa,555.4886202617795
0x28d3,715.9860959903233
0x3919,619.0918094081833
0x28ff,677.9485054838647
0x3180,951.3489853399848
0x3e81,515.8572094209841
0x1eab,564.3446278565493
0x454,655.3822252267955
0x1a3e,719.3576370669372
0x3eb7,659.986070819123
0x1dac,1209.5304196873985
0x233f,822.587269950393
0x16e5,915.2851386847658
0x4f98,915.2325542923049
0x2ed1,949.3958473945196
0x2a3c,457.0693991759314
0xa2d,666.4770201426815
0x2b13,596.4374661813796
0x3418,1023.2774154433964
0x2400,597.4810464148511
0x2a89,805.3561761123997
0x14c0,983.366780640147
0x1daf,647.7565001527123
0x1d91,845.6846470562215
0x1ef6,870.6401264203457
0x4bc3,1018.7268068753347
0x4104,833.6204655699177
0x28b7,937.2307819658298
0x4cf4,796.6096650584266
0xc6a,569.3245794700988
0x1e50,715.920995081004
0x268b,1058.3255401025624
0xd38,804.9135609038642
0x2c36,791.9926234942558
0x23f7,1047.9842857508902
0x37aa,935.4770832745744
0xe5d,712.617574700267
0x439c,662.7313717220771
0x263a,638.0524362019626
0xaeb,1082.5240325198558
0x44a4,583.5386616161836
0xff0,930.4222137502688
0x4806,744.3018497354865
0x434b,627.9051824591904
0x1756,793.2332263459526
0x3b4f,730.6900364587967
0x4629,396.0795762324431
0xa97,725.9551207680188
0x795,834.5885016360993
0x12ce,949.7046290776564
0x49cb,668.7850278724176
0x451c,764.3625006384383
0x26c6,972.9566551768395
0x2ca9,579.8767598598189
0x855,596.1481789582857
0x378c,638.2987989645269
0x26a4,762.3255732661324
0x1d6f,888.4463145580528
0x39a2,994.7050832579323
0x9db,772.4976249896922
0x35c0,615.5611229803561
0x2e68,861.5019716485851
0x4b53,944.6153285676808
0x4d59,673.6739053648065
0xa63,865.4268506318008
0x3ec1,753.1318560370305
0x34e2,725.0161916331174
0x3c75,762.4960859383601
0x1cb6,942.8992058805362
0x1e4f,1167.8160041499282
0x26d1,1034.7138893810543
0x33c0,449.34818224764336
0x26ca,940.5748850518054
0x159c,950.8567431182838
0x947,883.6263956345902
0x14d1,841.2684140925388
0xe47,911.5627434421709
0x6ae,895.9366633761382
0x4a01,1042.3281066001337
0x10af,682.0688122595702
0x24a8,805.152144742276
0x4d5d,682.8343871368482
0x20a0,623.8380391077347
0x336c,619.9094337076177
0x234d,551.0076544624981
0x3597,641.4922710505363
0x4a6d,832.7938075687745
0x5a9,971.1909837699158
0x7ce,782.2246008315823
0x128a,882.6041595683861
0x1de9,971.4367963258755
0x2383,648.1848888509179
0x3942,721.0460317934878
0x2718,797.8502153920103
0x4ac8,734.4133048670924
0xc20,844.4009947661909
0x4a6e,684.2637389130855
0x4a70,931.3775756430009
0x1637,965.4708114933575
0x43e1,718.0232854784396
0x3a46,723.8700601533683
0x450a,479.01590587093426
0x37f1,407.5383516399021
0x45e7,868.6982029532936
0x3ddc,578.2590624942138
0x22f8,918.1979391163985
0x4da,494.29606633792275
0xd98,1191.4907265011277
0x3bca,691.414518642008
0x4d0f,562.3504727786407
0x17c3,931.2425592571551
0x40e4,1051.529266194091
0x1982,765.6569111239851
0x489c,715.653099406062
0x2bed,1171.6787943630463
0x3635,931.8208256636573
0x5d5,1192.610325197693
0x337c,718.5472658181643
0x26b7,674.2883702969573
0x4040,735.1890581343814
0x1ca5,840.7771061932401
0x1825,732.6775056484908
0x11e7,978.0644099315681
0x32b4,944.418330681492
0x3d03,621.5647790629802
0x2dda,619.5214915625862
0x74c,974.9841457220357
0x4e9f,634.6451874794403
0x43d8,537.0092230002256
0x221d,727.3140690874739
0x4ac3,809.001561468757
0x4247,787.1644792858218
0x2484,693.9657621910146
0x3ad2,834.5532181057164
0x1176,929.5383055593231
0x282c,789.1237521827782
0x2438,857.7590062428826
0x2ec1,757.8625732269737
0x2662,1032.7313479551647
0x1882,612.9357777679598
0x15f5,938.4926577896124
0x2964,1017.3003921579327
0x3923,1037.398024594309
0x2dd0,725.0014185608655
0x45d,846.276424641443
0x1b3a,775.9924122341541
0x4d17,845.471370345483
0x469b,871.3878033556963
0x3032,908.0655007351055
0x4c5a,551.925118466205
0x445a,541.9181758364506
0x3195,551.243890897985
0x436a,598.1136128092155
0x12cf,826.1265257849138
0x18be,765.4251681505683
0x79a,1011.7270928053077
0xf5f,864.07071736963
0x3e0f,1084.5108164631974
0x3268,737.5822295740288
0x4017,796.3878993097447
0x3ab8,829.0658356094527
0x1128,1006.1072770849557
0x2bae,853.2686167198489
0x521,798.2174744815877
0x4581,1011.5716041636222
0x10de,691.5797727530361
0x2120,744.9479922618968
0x244d,755.1819798751976
0x4b25,655.4796707267185
0x11a9,546.9991955690667
0xed5,664.7867959894782
0x2c43,850.3115533827254
0x365f,713.5147194164854
0x1e8e,501.53017024786004
0x3093,804.531107359733
0xecd,744.1041997020325
0x1f18,961.7114690068369
0x5071,583.7191936755663
0x6e2,936.620505176019
0x83b,801.5698109071616
0x300c,880.8691185582874
0x4d55,840.0520598413494
0x4970,664.6683785787191
0x444,912.663329947268
0x2caa,606.7446347611209
0x4f39,469.72359179186805
0x4f0b,633.6027255782271
0x48a3,726.8963532234278
0x11f0,953.1846253113116
0xb68,1315.8242786985018
0x1a57,696.5006953274384
0x1aa8,960.1703935000761
0x1e5e,645.8718714010753
0x1c8b,827.0932346445777
0x992,978.7091672843987
0x3286,978.9532942239616
0x1ac8,697.4910825787059
0xadc,829.9679395300985
0x35ad,832.1155065942527
0x303f,979.6200239395097
0x2cc9,563.1959702173207
0x4779,806.4162049788548
0x3eaa,497.8568783118498
0x2854,575.5498515166312
0x137e,684.2951112206399
0x2c50,1141.2369289580154
0x477e,358.67419763897817
0x268f,743.185207300182
0xf7f,631.4498479210439
0x1486,866.2975216703868
0x2c2b,781.4852540889563
0xe44,756.8667536529568
0x2c80,767.4343950045327
0x14cb,620.1306163179854
0x4670,709.1120741837996
0x429,1020.9845838135964
0x4acb,1020.7249113880146
0x41ca,936.1336761792719
0x3d59,1053.3052865585971
0x304a,832.2272842264362
0x3943,725.0210707821495
0x1d41,682.2434936545311
0x25e2,841.1952729850041
0x2796,922.7225297805082
0x1707,504.05154388342015
0x1433,1257.3916194752533
0x2746,939.0904066408411
0x4f4f,615.504738483018
0x2d33,483.6275890548476
0x2264,433.8307938869097
0x11b4,1107.3410714312524
0x4d25,857.7712907366583
0x34f9,421.036761901763
0x31a8,649.6898756269235
0xbf5,762.0680120216565
0x70b,971.463395457682
0x3336,890.1492059552927
0x27c9,443.1931250695544
0xfcf,579.1262095761807
0x4ec0,526.2381830733356
0x12ec,994.7061597584648
0x30b0,935.3776582342414
0x4e9e,550.5524359784179
0x2924,953.418747813536
0x3b47,996.4075968970566
0x397c,1132.7260025317262
0x11eb,922.1251502179218
0x1199,477.6296775275308
0x127f,643.3396435868007
0x3140,688.3690381783978
0x4f4e,685.9669321636837
0x4537,751.7287329280673
0x436,575.3825656759974
0x852,792.2460251358201
0x3864,687.2352359182668
0x4438,881.3421986090451
0x1757,728.3048905078898
0x2fa3,1070.0338037729816
0x258a,673.5190469900585
0x34ec,777.6129555364839
0x4dd8,671.0380591134368
0x31b5,640.0196401949249
0x27d7,1041.272865658371
0x2ccb,762.7265828308743
0x38a3,578.6137477831747
0x51b9,605.381916030031
0x3622,830.3154184909349
0x4fae,814.3343645744626
0x3cfd,447.574003327488
0x2a23,711.7316060097608
0x504e,557.5465715939467
0xb94,532.4390068714212
0x93f,664.4704924055563
0x2da8,769.6442635421861
0x28ba,555.729140806315
0x4a2b,749.635881421632
0xc1c,739.9586235708696
0x4955,790.5626940194039
0x16fe,731.5652752660875
0x12b4,836.1709076920438
0x3288,645.6527013575374
0x40e3,741.1006364807432
0x27e9,1060.3783826614665
0x4ad9,588.9832646873458
0xd7a,897.9349107874996
0x149e,947.8523657476601
0x65e,726.816465878258
0x2f2e,715.9806474786071
0x2dc2,860.2527477468203
0x413,609.7183829291255
0x1c28,969.221489968242
0x23da,721.9543871186792
0x229e,798.4951272091581
0x38b9,936.4666985627899
0x3a23,531.0899822999421
0x4bcb,923.1476776683288
0xfea,750.4414431777928
0x30f0,616.968365221853
0x120f,923.153145523415
0x16bc,693.0992683479273
0x2cbb,628.8970322275658
0x3441,843.2087445081962
0x1e7d,1149.5504369830055
0x484d,880.6184298221117
0x25f1,889.2037001456409
0xcb5,914.1426254851943
0x47e5,898.1896836869919
0x44e2,1069.929153497073
0x4ded,1178.0710658007213
0x4d04,575.0083953129546
0x515d,1027.5056862245267
0x1a06,958.670511634436
0x3748,884.2974503774711
0x188a,790.312787117851
0xe05,1105.119442918047
0x4f57,682.2460570911626
0x66e,718.0730322821796
0x1a61,621.9770255375522
0x6a2,573.9973814189964
0x4065,802.4271722705984
0x12c3,877.4528257637188
0x289f,650.6635464359449
0x4815,644.9197742697976
0x18aa,598.0373759862385
0x4cbf,505.36770857248166
0xe08,666.9550154725835
0x41dd,1084.0681245096484
0x3695,691.7475002540427
0x166f,832.3382556025554
0x3866,670.517856235879
0x1f0f,954.7502053530898
0x4328,568.0330954296513
0x2c68,765.8313758962053
0x3217,1095.5373633510492
0x4193,764.8734951970356
0xc55,638.6775941944592
0xa04,970.8093408589534
0x4eb5,619.7466384603163
0x43af,768.0219137105204
0x7d2,1296.6862470493722
0x2da0,970.700148914756
0x196e,770.5488089475255
0x372d,1075.1785561628155
0x3bd2,721.7602324300194
0x477b,707.2041713647121
0x40aa,525.0626772413194
0xec0,1016.6185928698833
0x4762,1089.135120295428
0x3a2c,729.0396846217959
0x5077,830.0198681218388
0x222e,1146.2436691646799
0x18ab,412.95720695476075
0x4af,422.694916316203
0x3513,838.248821368828
0x2747,879.0093261073441
0x159a,806.8384332657168
0x4d7f,614.9265524133959
0x11ee,595.9516355304768
0x2e96,1092.4411885334064
0x1546,794.8994582404391
0x43db,732.8895011339748
0x13a6,1008.7987302378217
0x1baa,598.6672387108307
0x3283,1005.5378556015097
0x4bca,880.1385459925733
0x2fba,605.4854921661812
0x47ef,734.3172339875304
0x30d9,534.8286839184507
0x43e2,794.4219008230033
0x9ea,640.8858500129753
0xd66,1002.8762280713098
0x4709,760.1385544504044
0x3245,860.6111929805222
0x156a,820.0449763460623
0x2546,545.5386785201633
0x107e,890.6269536782007
0x4af6,807.4349530320286
0x6e0,531.9592005188084
0xade,743.9588996987117
0x1424,537.3689145626448
0x2136,575.3912864799053
0x4d5c,896.0089540789318
0x4f30,791.46152990227
0x251c,1056.942666733604
0x1cd3,874.1066611097644
0x3da7,612.548523893873
0x5103,657.3692143980644
0x3151,648.5469264909216
0x2364,586.822455150832
0x5184,1031.3519558895387
0xe1d,840.9831561618769
0x2edf,1014.3865741157025
0x3a20,1089.9775419395953
0x3625,852.2192321163166
0x4e5d,699.3976868993152
0xd4c,972.7004303090563
0x2d5a,1055.554047025475
0x5190,626.8635651980346
0x32fd,708.3216878348179
0x2537,570.9982316676545
0x4c6d,688.3387948711371
0x2a4d,631.2299665397261
0x3349,587.2082342610978
0x252b,877.9117400371711
0xc49,987.3992564628312
0x1d19,852.0892641866419
0x4837,737.0734202461773
0x3ccd,1184.0542538552425
0x2d15,853.2228407932633
0x122e,800.3591384717967
0x51e9,728.2804076840547
0x14b1,688.496649761471
0x331b,866.1030557948046
0xeda,690.8159613380961
0x1df8,714.5757049478085
0xd96,1034.9361263237743
0x4cae,905.1457988521983
0x821,468.91260751786456
0xf76,653.1019959304599
0x41cb,1012.888298794047
0x17c2,628.3906277169947
0x4b49,919.407264434845
0x4300,595.1191153858067
0x2fcd,805.996889244652
0xb4f,775.6980998197793
0x8c3,590.414449979125
0x240e,860.8363715665214
0x634,539.6881418545166
0x4eab,779.8721360129301
0x4ab2,1129.8789928754416
0x3f45,738.1801475088638
0x2069,839.9123231164737
0x27bb,634.7936902975291
0x1cdf,759.6437120318643
0x10e9,375.5283801003769
0x1ec9,815.5329412834553
0x3956,850.8516912157271
0x4dee,825.9288465955314
0x41f1,533.822150659444
0x3e49,1019.0025281911844
0x3692,1084.5004096118662
0x15fe,818.536858535367
0x1875,700.7650665501951
0x3ce9,1166.5110425673781
0x117b,939.9692614780329
0x31a6,499.0183471084595
0x2d80,1050.8288882107386
0x7f5,830.2670856748413
0x2f24,846.9634919637625
0x41f,886.7460764153319
0x125e,788.1621111148252
0xb77,806.5344904890321
0x2507,901.0479625089408
0x8ff,832.2723808311874
0xbaa,896.1392104773882
0x33a5,407.44697780345535
0x5007,677.697238209407
0x2d0d,810.8973911992679
0x675,704.221579629764
0x3bf8,719.2854465791239
0xacd,1099.5434369588854
0xcd4,591.6773021647248
0x210c,768.183075000677
0x2770,757.9357105081739
0x502f,865.5595011319493
0x1c35,380.2520567390863
0x10f3,984.9832342347335
0x38fd,449.08614781394925
0x1ead,550.7158543704932
0x2e3b,463.27259333905806
0x209c,754.7068965986712
0xf7e,592.2616467508439
0x239b,798.4151909103298
0x3e56,779.7693809725804
0x2d84,544.146655357153
0x4d6b,1059.0244274783158
0x3412,504.73514379009305
0x8b6,1033.6988878942352
0x3f1c,659.6980772774456
0x4796,643.7707146440677
0x158e,735.3806240265956
0x3da8,531.8662670517758
0x3c54,733.5579977666538
0x1216,810.7280021321162
0x2063,558.1590990743991
0x295a,991.1980960979433
0x49f2,729.9429739399426
0x14bf,503.0217403717608
0x1fc5,750.5004354173846
0x11b0,687.1406151973142
0xe94,585.4946583829834
0x309e,1039.5820585494018
0x564,864.6321687514661
0x148f,852.6836687141704
0x3def,712.0128455762077
0x193c,885.7250923310668
0x22a3,856.3972042541827
0x460e,942.4114390934069
0x1ee2,809.7119266673935
0x48f2,757.4273599254574
0x4bb5,635.8885689062641
0x352a,722.2697307749697
0x4ae6,557.0958279547983
0x3394,1031.5237868293095
0x290d,851.243630719707
0x3ef2,867.5166785200007
0x2e7e,875.5737818642375
0x3feb,622.6425010775091
0x88a,1063.3834201556447
0x1b10,813.2323313347772
0xf12,728.1322925761274
0x4d8c,465.9387284182044
0x32f1,1020.8225762516738
0xccd,913.9108095511729
0x3a37,1008.9812606593971
0x4034,834.8810837739455
0x9af,721.084053957571
0x4552,1021.2331868605153
0x33f5,648.2528324014502
0x74a,406.9671616613417
0x15f2,883.3264058653821
0x3f2c,625.2967377445417
0x36b1,435.8753266461014
0x2a87,970.9722647469882
0x377e,590.170201872451
0x22eb,709.9190150395216
0x164d,870.1758090758539
0x39e3,787.0437651029617
0x31af,1093.4114145549972
0xb04,474.5519883759384
0xaef,785.2752132392134
0x261c,881.1272671979953
0x4ef3,826.0938792177752
0x4322,859.5634548524147
0x3e78,988.5672671680223
0x1616,556.2796281011275
0x1f4e,975.2053057146655
0x43c5,789.5092892140982
0x454d,685.7074328545847
0x4e18,746.26415672409
0x1e29,927.959536036146
0x3663,998.046562166957
0x37de,747.588185969687
0xd08,587.3284546717064
0x7b8,680.9724612900202
0x12d1,1103.1940897945888
0x3f87,938.7641644784667
0x2b34,590.4236859997675
0x375e,556.2924210838233
0x9e0,788.4844112011951
0x3fa1,842.0554422188231
0x3a24,476.56258544821003
0x5163,777.7776959275328
0x3107,630.6753275386826
0x312b,619.3670349627627
0x479c,628.8497474890912
0x5ba,1174.2816241560042
0x3832,632.1507727471143
0x25c4,938.0390029261035
0xff1,956.9735152640093
0x22ef,620.5467765394769
0x3487,938.1246668221127
0x17fd,838.6524758148934
0x6fb,909.9146237891936
0x4cb2,1074.672222451121
0xe8a,862.6141021970249
0x1044,1012.203935704621
0x7fb,914.9205048197576
0x4f56,915.2508426815821
0x1e1f,637.6891643240475
0x30a6,437.59250777381783
0x512a,846.2971018865325
0x42f8,916.0653823122925
0xe9f,642.7842539843232
0x2684,631.0404130833336
0x1869,1050.179482255487
0x2728,883.7777284410788
0x3752,654.9695101332723
0x159d,908.3517147055612
0x3370,988.7900102103696
0x23ea,743.2014748251976
0x6f0,581.0584093092561
0x3201,880.9973892640645
0x2860,875.9614203739402
0x4e5,887.8878356937137
0x804,543.9366558482034
0x46c,588.4608598753066
0x351d,905.0158345204995
0xd42,1035.9658013805622
0xa1e,867.9502454522144
0x371f,822.7698096258431
0x4f33,1118.8438849264721
0x236c,950.7539597481514
0x2424,797.0323208915509
0x12d6,932.3097533762236
0x1bf8,867.0039016969547
0x41ff,954.8403842309726
0x45c5,803.975792651334
0x461c,847.2598179910012
0x18f1,784.221755742377
0x472b,975.2089161257221
0x249f,921.9079600877532
0x158d,509.99951770590974
0x29ab,992.5564053080462
0x2e0e,770.8229939204542
0xb02,804.6401029738986
0x3aae,482.11821536523433
0x2695,949.9680451690805
0x4b82,1010.6115366929346
0x3e01,960.0100240382272
0xaba,619.2693067999849
0x21bd,806.1235707481316
0xa6c,1042.6922564485085
0x289d,646.2166944587603
0x25a0,960.6107434650153
0x4035,510.7537561990328
0x3f82,832.7595470228097
0x1a79,692.6314030524629
0x36bd,860.1238221509101
0x1fb4,878.6305479711376
0x22dc,658.483801497509
0x589,720.1580397986177
0x444a,799.1293212895334
0xbef,714.0040788746836
0x20f2,722.1967460313894
0x2a26,741.3625884357165
0x3ad0,705.5651367524905
0x141c,929.0338813029696
0x3707,773.5315481638177
0x4eff,712.1191218265185
0x20d3,752.0822280809617
0x1bd5,690.9875888365527
0x5200,1006.0103334318528
0x497c,605.4401525156546
0x32a8,455.9539191266907
0x5090,899.0969715434711
0x4ca1,897.1593223470485
0x419a,835.3114896122773
0x4e1a,561.8300171933489
0x2e47,416.9793774950106
0x440f,905.2348546150408
0xddb,1014.8032202195257
0x2d1e,883.9169134070667
0x2d1d,868.7044721328327
0x222a,813.8957945353953
0x3721,785.377531508135
0x26f1,786.2667515416435
0x1e8c,836.1037060986865
0x4b7d,756.7715158891865
0x51a1,834.9737856736875
0x3a34,606.2988446694176
0x45c0,660.4104513122073
0x3031,1064.5909262197501
0x3cbf,894.3399397281412
0x4b8e,697.8895416021567
0x655,1251.746364930481
0x421b,1171.617739726914
0x1258,848.2602844325916
0x1999,953.8034416631948
0x3d2e,811.3086548546991
0x29e8,629.1256213762508
0x43bc,1040.1019708050655
0x3751,947.6124742060161
0x3dd5,818.5232655296855
0x5032,873.9726024914788
0x4854,971.9699482677556
0x2700,734.3978164372317
0x1d56,503.99875239613385
0x3544,640.5709637654003
0x40b1,995.449543023282
0x4ee2,879.9073735355067
0x35d8,414.44879702505904
0x439f,672.6052551894195
0x3a7a,639.4786088999045
0x3731,1174.4200729688837
0x1648,738.6990684320537
0x177d,888.633237716365
0xa96,1130.8209118772104
0x4242,718.7918858070124
0x4de8,800.064339414043
0x4c33,549.2019945133706
0x3b3f,772.4293582986224
0x20fd,430.4460848785767
0x4003,896.8584067577422
0x4fe6,786.1708821495403
0x1bec,492.9797424870494
0x4d0c,915.3640914924689
0x2bcc,608.8487771145715
0x1fba,1029.2675716166304
0x4f85,836.688242990936
0x1c2b,533.3181983493371
0x1f13,941.6899741723915
0xf59,905.5000959635029
0x29d7,783.1318038488527
0x16c2,621.6480032447693
0x1adc,939.6047012752574
0x220c,992.8033739458372
0x4073,1077.747870990202
0x1e57,1048.162422879224
0x2fd4,711.9090694284719
0x1685,761.2229981881468
0x2607,903.6504730530537
0x4cf8,760.0156646443356
0x40d,682.7737440521867
0x6a3,888.5742395047272
0x36b9,808.4153164146894
0x20bd,771.2789053507329
0x284d,1072.4808692134932
0x751,493.9464934393364
0x1b14,639.3707161385146
0x1af0,944.3703485420868
0x12c7,693.5743238223912
0x1b38,728.7858921213679
0x1ed1,777.7603581008873
0x2ab0,1058.2152030659158
0x251d,1004.1112395780816
0x236d,1060.8582176829875
0xc01,624.497287370861
0x512d,508.1291343447241
0x2b00,1012.4990924768058
0x32c9,1063.5819502944985
0x482f,825.3764254823914
0x106a,844.5155220289804
0x1eea,865.1784800501562
0x1183,808.8904625711051
0x2034,576.4908788842836
0x26d4,475.02638265883616
0x513a,627.8812571458349
0x37ab,806.0581739408814
0x2aeb,733.9248066291515
0x3b44,1081.486505758252
0x21b6,590.4767738800128
0x1554,629.9298897984462
0x3134,441.814100713392
0x316e,849.1816575740254
0x640,661.9289895666606
0x4a35,871.0860925212503
0x1752,743.4825139802292
0x3066,1260.1111156287018
0x818,519.412289323948
0x3fa,851.8303348868249
0x4edb,832.5472473814274
0x40c1,996.3482185259559
0x1630,871.8924081436493
0x2a2c,1260.3231308245404
0x11ca,584.488777528141
0x5010,644.8776701054558
0xe58,1065.521194042902
0x5b0,527.982110239938
0x2555,806.1045121081206
0x21e8,593.6660865489328
0x1b68,592.798355847774
0x4e1b,889.2778803633265
0x3f46,715.6557004013026
0x583,739.6568894758715
0x34fc,995.9609982166164
0x4443,1023.3318429092653
0xc57,1008.4189250695092
0x2a9e,958.5591323218586
0x297a,923.6657258726884
0x44f8,655.5579738806505
0x2faa,655.9606706712023
0x4701,763.7160110852934
0x1efe,773.0320622006649
0x700,780.0129848172722
0x274e,702.3685381548703
0x418c,719.124524716752
0x3d7c,562.0765724033422
0x3645,564.8253060854656
0x4286,685.1971774667721
0x1cfe,1046.829943069767
0x65d,875.6172547368951
0x11e3,741.8846074179093
0x98a,768.9230607409204
0x2ef2,918.4481409965766
0x1c51,696.9475217037111
0x3ecd,687.5796086188053
0x17c6,865.1917705283084
0x45b1,896.6926024497363
0x42f1,698.2936502268024
0x5034,942.2715196949027
0x1920,711.8888230555261
0x37a5,1030.0488713024447
0x414d,1008.4733963053537
0x3ae2,1026.2802091147014
0x28a9,462.71849363834036
0x3365,799.761978359367
0x2bdb,701.0868448599147
0x21cf,538.4699943671393
0x1b81,802.9080888698229
0x2017,527.0600458582143
0x16f8,577.6619577217748
0x1450,766.5281798347081
0x139d,905.7216272130507
0xb9d,866.779503549434
0x3cb8,919.2554301140735
0x2f4f,833.7170205444382
0x3b31,557.0011231194957
0x63a,579.5145726655722
0x1cc6,1007.3884231061146
0x4ed,785.7841022090726
0x1f3e,802.9131972542398
0x19f8,891.6652800965645
0x27b5,440.2162571516495
0x404d,497.642622837814
0x18ff,488.9840208744574
0x25b6,808.7830617164955
0x3eb2,522.7704296490942
0x1b6d,878.9659482169715
0x17fa,666.2428971694546
0x434d,856.3875684771742
0x2680,921.318920367385
0x3d57,596.3531986446285
0x1afe,498.7797017263037
0x1bf9,828.3852941828035
0x3ed2,813.5123504302068
0x22bf,584.4377436618175
0x3ade,725.66795080035
0x299b,568.8463050634938
0x2d87,854.8059428634357
0x12fa,810.597782530165
0xec7,949.1027411570403
0x51fb,547.5279108916146
0x3e65,1229.9709982454447
0x2009,642.0634538840925
0x37b5,848.0213878389974
0x1557,623.6258668162027
0x35bf,945.1954311561004
0x1220,703.2079444153859
0x487,989.5665849214903
0x1154,887.9100004151545
0x4f15,666.4354454006959
0x452c,648.7205694929492
0x1a77,919.2775009564733
0x51a6,432.8940204943914
0x1502,742.3834414170311
0x1615,695.7722168732626
0x2ec5,583.6872073553957
0x45ef,470.07889163588413
0x4f1b,656.1228944405394
0x1888,751.6476582831424
0x3e1c,912.7062400319616
0x23d9,892.0190911269926
0x3492,680.9268906452834
0x50e6,633.1837822263237
0x337a,812.6357193927015
0x3857,715.7523622946186
0x2d06,1206.359751634305
0x43fe,863.398590168301
0x3562,860.3226637562412
0x22bb,411.3791203433912
0x3c22,655.6116757516786
0x2ee2,679.8283587933595
0x449a,642.6042704501275
0x2952,1022.4478972942478
0x489b,545.0306265039371
0x29e7,783.537610769363
0x19c3,874.1213552523366
0x1ae1,754.5958293180536
0xcdc,649.062049011699
0x1840,628.3242073529385
0x3c18,464.87582832703515
0x1613,869.5662776598863
0x1f28,919.4605385747413
0x46d7,617.8022279340705
0x275e,756.2520300063703
0x185a,948.9420600334203
0x2c2d,647.71071044077
0x51dd,1222.2967437327977
0x15ec,694.6560059516954
0x4e19,1017.9145631281444
0x1c76,775.2243407139936
0x291f,472.5611500619429
0x3475,700.1798659142867
0x47f7,828.6334554673213
0x1fe4,908.9765658642352
0x46b1,648.1323561282297
0x39e5,722.8876012123598
0x33a4,695.5594002345357
0xef6,764.1822731934839
0x30c5,997.6612370580837
0x2a0e,775.0922203311783
0x14d0,742.6540075598535
0x2287,752.5366471061775
0x480c,885.9141289018189
0x2515,954.1776826986093
0xe3e,809.939894266984
0x249a,712.7892223681997
0x4f00,544.4425657038175
0x425f,837.5050595190569
0xa78,575.2766186701008
0x34f4,574.1517449075985
0x3ab0,596.8938476481143
0x26ad,589.80620357914
0x1842,494.1711217553935
0x24c9,984.4970983792535
0x10d9,793.9651818128073
0x50c6,741.6851556623402
0x4ecb,655.3164827568747
0x40ad,524.0796760442423
0x3b10,631.6067356207874
0x3ed1,1069.352223349869
0x2a88,992.6807570116491
0x4f71,631.0562871067337
0x31c6,651.3216657271308
0x3d20,750.6306278389304
0x4eda,1051.836301434855
0x462a,1026.5252507191612
0x3c29,797.4181649643194
0x1314,699.4956066024744
0xb16,1053.6766631525315
0x4975,559.6144291620159
0x42ba,855.5870984699175
0x3e8c,447.19642735635205
0x44f5,1135.3324094854265
0x4fe5,926.8415811714067
0x5ee,593.1987643704008
0x16e4,1013.7558709912863
0x18b6,902.0550287378171
0x2754,791.7799653662183
0x2b2e,893.9123827694749
0x43cb,566.270936256618
0x4e60,931.7452027098915
0xc1a,986.1975124129456
0x3329,941.9643524562584
0x4e26,761.3017434909533
0x3c2f,500.555816058562
0x22dd,906.2613425017074
0x43be,785.7788028129452
0x489f,555.9960788581549
0x3d9f,600.4556332096714
0x28ee,537.7539813714671
0x4d49,645.3604108562685
0x2363,813.235352028728
0x6ac,896.9157009855445
0x3328,821.4960711709255
0x3ec3,581.6029808493136
0x4880,802.5949339132676
0x50a,767.0988113731297
0x164f,698.7789927235391
0x2ad5,679.2519705332667
0x1c1e,821.6301616439246
0x344a,818.48037989473
0x21d1,468.1477371662101
0x197f,680.0222566867866
0x2160,870.4349172649122
0x1ee4,928.6542218594126
0x274c,759.3774223561381
0xaf7,1005.5695491481001
0x3512,872.8728012987585
0x4d97,824.3310119574475
0x3ffe,759.5880772884584
0x420c,907.254931615123
0x3d2b,1138.4592313619266
0x18a0,927.2982616121623
0x4431,691.2176345928925
0xba8,710.1838883239527
0x59e,771.7497365114231
0x17c7,716.9181883639786
0x4610,979.9508339775626
0x2c6a,794.7210616866892
0x19af,668.2919444480141
0x2798,640.092265439465
0x18ed,640.1836086375253
0x32c3,857.9195811044009
0x3e4a,736.3332080940279
0x13a1,593.1911273395133
0x32c6,703.7115973483853
0x3b96,461.8270710608578
0x2696,477.584326025029
0x152c,681.2358582597868
0x1d79,629.4640202050881
0x2fa6,782.727416678345
0x94c,815.4717186147134
0xfdc,791.6015237488792
0x43bb,653.3676087894839
0x86d,735.9945465450493
0x4dd2,758.437505547264
0x2014,813.9618935908663
0x20a3,857.1703474793695
0x2592,1017.5270035567526
0x4ed7,1067.3757140759471
0x4983,669.2328467310034
0x2072,646.5420656426414
0x1a45,912.9315629523607
0x20f0,846.6435281034998
0x50b6,665.637904908825
0x1170,937.7512736604847
0x415f,538.2359211200651
0x2643,702.024772875804
0x3e43,536.5295420595744
0x2afa,714.5418155568376
0xdad,1009.0459308374329
0x2893,898.3723041519609
0x172e,1060.2681658211757
0x4e8d,653.5758203576354
0x3fdd,902.8822890060623
0xf06,964.7124225848291
0xc66,584.134802172807
0x21ba,558.0939460087502
0x1f25,500.669925008309
0x4208,630.476492641408
0x2e56,674.2161982986523
0x125c,657.1781456026134
0xdff,917.1204713781099
0x2258,998.781652240623
0x4cdd,746.8193740212079
0x3426,796.5479935711603
0xe21,842.8966961319531
0x437,880.5195951576193
0x2962,702.0025659726417
0x10db,1300.966539216768
0x2e5e,827.5234753840629
0x4bdd,667.4343645175899
0x368b,661.3224927319233
0x3490,803.4678897679095
0x78d,662.3437629717755
0x196f,1065.5340952080533
0x275f,773.5809474632463
0x3700,708.6744577560333
0x4754,604.4660997458536
0x1a7b,988.7914546731143
0x39ed,531.0624087126407
0x1d67,724.7055615997056
0x48b3,924.8808868197904
0x3842,608.7000142782423
0x3a2b,550.0114061474292
0x1a88,1096.1073045137803
0x1f98,613.5729321050369
0x7e9,972.8092397354272
0x779,683.7870389413935
0x43f4,536.2489935565528
0x2176,1090.7668212140838
0x17a6,872.0715952048337
0x17df,475.85566232706054
0x23aa,449.23337947396686
0x182e,906.3544754780969
0x443,602.614637165554
0x45bb,646.7754249464393
0x1af3,823.4511404218426
0x3d15,574.9389895061034
0x4ad3,776.8718772321331
0x3d5d,657.8219816264696
0x4673,732.7996501718566
0xb5b,812.5427537766308
0x28f2,1177.4037301914095
0x204a,895.4255838324242
0x2528,976.1451986756845
0x183e,830.4034885511475
0x500,622.852161776198
0x1f16,769.2023008794991
0x4819,549.892128856834
0x3705,727.1500443218044
0x2f1b,656.8413560022998
0x2df8,984.4996241683853
0x4033,646.5935180558095
0x3640,668.7815209052526
0xfbe,783.4788862379926
0xc14,932.9149596599595
0x4861,1073.9736761427162
0x50fa,774.0793679839809
0x901,838.9993161085516
0x2497,875.323581282395
0x2afc,944.275487673857
0x2217,564.3771546834909
0x39bc,775.7102490209242
0x7d9,691.4812404205169
0x32d1,605.19489051286
0x33ca,833.9120618188912
0x1b83,771.8064017095057
0x39e4,888.5409169371368
0x3463,940.2030166023218
0x3e74,913.2728570651034
0x12d4,619.28885169263
0x44d6,770.5975749857263
0x14b7,405.9059287785136
0x5b7,949.3879043330205
0x5161,672.9858917502801
0x425c,794.8758758489948
0x2204,783.7074465623884
0x4d69,859.985465223874
0x801,779.6890627706049
0x1a78,785.2625087726641
0x47dc,406.99855528800595
0x282a,711.0075971934847
0x2256,614.8891444875421
0x41fc,554.3178981468099
0x27e1,663.5983358126433
0x3f13,1084.0067773599258
0x1d50,1132.0447773384674
0x66b,544.1009530888421
0x1a0e,824.2664696496747
0x70f,850.1941898493546
0x33a2,610.5296326260291
0x2b41,763.2679133723474
0x244f,804.8465017974967
0x250a,527.0156229727207
0x1b7c,699.5758503868298
0x4a62,596.8578937837998
0x1381,848.6063645785422
0x44c2,734.4418747244272
0x4433,582.1835262237356
0x4523,892.6744851560874
0x486d,833.8640280423041
0x46b7,1011.5799349318846
0x1262,783.056226532532
0x568,746.1840399181862
0x807,838.8841268999114
0x5dc,898.2252327990566
0x1d23,632.2023318556851
0x3f1b,666.6822500614768
0x498a,885.8456739462505
0x1e24,831.3458280052495
0xac5,777.4523139924786
0x1d7b,803.7513578672313
0x36d7,880.7763242118832
0xdaa,469.093325518544
0x5074,722.9837921054801
0x7b4,538.719604177714
0x2208,916.1674862509211
0x4a39,945.159639790937
0x44ad,779.1309777887326
0x10f6,899.7142402830813
0x39b9,487.75610732685203
0x47ab,947.2615953943915
0x497a,1029.1952493440879
0x3cdf,878.3159146392039
0xc50,552.0868862481768
0x1287,790.7957535080745
0x3d39,1006.2073296815402
0x3fc8,651.0300260942206
0xd1f,710.9663571995509
0x519d,703.4852157182166
0x51d5,816.4529137655894
0x3fbc,786.1383924697677
0xf48,1010.1278892718694
0x1b60,1034.6274071898865
0x213b,492.1533030615255
0x1688,727.4831281831365
0x307e,841.3841952064638
0xec4,777.8360627437353
0x744,948.0412438856697
0x1c47,1100.9687058493862
0x4aa2,1014.9225392552116
0x60d,546.4322314571948
0x39ea,996.9387765965434
0x1651,455.75017204571225
0x5f4,538.0604618088353
0x3d47,574.7544696215349
0x4458,460.37181905228954
0x240a,565.2267979648356
0x1cf6,542.0786510451836
0x4dfa,648.8008425955443
0x3236,1081.4996860062495
0xd34,469.9461883160322
0xa60,725.774038292256
0x7c3,662.1641021003785
0x2c6d,578.1874719917606
0x2f4c,1029.4518352892217
0x2626,728.5684787103902
0x20c3,677.426758392097
0x1744,1067.8515827577578
0x1d5e,983.1164015789308
0x485a,462.76381435253137
0x1056,641.5372255739752
0xe37,793.6612799478785
0x20d6,641.1575480089301
0x133a,756.0497074593757
0x2e21,978.4555385664526
0x4e7,793.8445847389906
0x4a7c,717.5155247740571
0x3737,1052.7283834715959
0x23f1,970.9109295858547
0x44bb,1131.96379815777
0x2521,1046.8563526997943
0xa7b,977.449282211748
0x3255,874.830849322994
0x3cde,768.4651929195803
0x3c42,895.2192153044869
0x1387,1049.8870790643691
0x20c0,475.49999437208874
0x12b9,682.2176202276975
0x1c63,655.1834149798059
0x1e40,782.390467470834
0x2a6e,976.6069642733889
0x2d76,856.135470473888
0x1525,613.7029883038263
0x3ed5,840.58055526748
0x460c,659.6023004603619
0x4427,898.3270638693514
0x157e,646.968900234904
0x3f3e,562.3258508806151
0xf78,760.4060059542668
0x599,794.1408058528341
0x23f3,610.8508371049319
0x1772,706.5302801373126
0x30a9,541.8774741538689
0x4263,929.0612681245605
0x152d,573.6011342657476
0xc19,653.347002379251
0x24f5,861.6331385086983
0x2b26,579.7113397775189
0x12d3,600.2162202662538
0x682,561.2276219073636
0x2aa2,632.7703056912737
0x197c,654.815776615508
0x9c1,1065.7893705217602
0x3a49,439.49777485555796
0x24ca,577.9724857362579
0x478c,919.49283512632
0x3b2f,747.8873462533705
0x3042,886.3477947638439
0x3f39,665.5307385809459
0xbf9,708.1762847027271
0x2c90,627.0505293885774
0x4822,776.5087642347697
0x2f85,709.5276310715786
0x4e36,789.0588741449259
0x4ef7,1111.5783273858224
0x3d88,1058.3774872648448
0x1346,816.2395103472196
0x5067,576.043811813542
0x44f0,808.986382905202
0x20b3,654.4711335589875
0x23cc,933.3227017404384
0x4836,1184.7372513123473
0x2131,683.0530757399282
0x3a66,878.4055616259529
0x793,742.7286724716188
0x4604,1003.2357049445544
0x4260,602.1486865227804
0x2d14,593.7591611117431
0x30c1,977.6188846316738
0xb44,726.5652592782909
0x3ccc,697.1147252064187
0x4d34,772.5528573907905
0x5104,983.5832269942695
0x3fce,861.8237073207608
0x109e,991.3200304553105
0x7ea,1067.9958625438587
0x50af,782.392925185855
0x1787,542.986140923285
0x4555,1060.9333838351808
0x2377,933.0665406774897
0x2019,798.2397570338335
0x467d,658.5406058476567
0x4591,825.2560577321606
0xc24,704.8546255817761
0x1ef9,1062.0951063232724
0x4898,690.4154344372957
0x4d4c,900.519136364594
0x12b8,802.0787679263267
0x2a24,838.5926871961751
0x3fb7,554.3588034795357
0x1db2,777.7345229693634
0x4a09,700.4681834816987
0xc21,788.1744505366739
0x2585,614.6792279114304
0x297c,958.7690157717808
0x44ff,880.9816756585443
0x11f9,660.9198769065835
0x16f2,859.3034074036846
0x2b5a,737.5855080971611
0x9e9,683.0096017155593
0xe71,721.7863683047951
0x45c,1007.3894029683756
0x3fc,541.5520452208564
0x3c86,845.0503646950717
0x4bbd,574.1761004974996
0x2ddc,901.9280135721843
0x9eb,513.0185091243014
0x1256,694.0283156959055
0x4938,766.0014089320974
0x890,987.1634324967965
0x202f,940.9106981463034
0x1330,680.2354489699105
0x5087,645.0623240709082
0x25d0,813.9985488035175
0x1a95,670.2075897503553
0x4ca5,837.1082200307944
0x2c3c,718.573251575587
0x4ae3,894.2456663823563
0x18a8,865.0267174091849
0x3542,716.4247913049943
0x3773,754.2681366758077
0x448c,794.6664855745707
0x4a69,842.2780000179072
0x2167,794.9608923232713
0x47d3,994.4022953890591
0x4565,546.7332641001774
0xd5a,942.2624572573311
0x3b21,737.1397130858378
0x2c84,626.1881935293922
0x221b,1041.265862474429
0x4f9e,915.625395955367
0xa75,908.8612176477594
0x1b2e,740.015066314362
0xa99,604.6708102766848
0x25d5,823.1838451328586
0x50b3,982.804607117323
0x11e9,458.13093358892655
0x3156,717.0035883014481
0x1481,427.46516271529276
0x517d,708.5588587052672
0x2a33,722.6009346750437
0x3dfe,654.879410052572
0xd8c,877.9032773702339
0x2d22,675.581898655722
0x50c8,672.9956658641811
0x1943,964.6769804294591
0x46d3,783.2658433694859
0x379c,747.2973926919614
0xcaa,647.3137902964411
0x20cc,802.1505966617996
0x2615,459.64340077872373
0x1494,659.5057278980721
0x39dc,580.5067310738697
0x1814,519.2247997965324
0x1e93,963.7530096614354
0x3ddd,1017.5810854402794
0xcbb,720.8219071446827
0x4b4f,828.8642389329539
0x269f,811.8577536274195
0x4d40,946.8639182222969
0x3ac2,989.4702256400205
0x4cb9,1001.3977771891696
0x4d50,927.3097382125761
0x2922,852.8214624488601
0x35fb,1009.6331173906926
0x28d6,590.7917232668466
0x1786,408.2506626306589
0x427e,918.3226981748899
0xcc4,737.8058246744882
0x461e,527.5754464273399
0x2aff,1155.6667103591058
0x3a68,1048.500917684778
0x4729,594.2289326110568
0x3af7,700.5043438321288
0x305a,569.5580033457519
0x4249,694.1506421248039
0x24ad,879.1570520522406
0x336e,644.904484639832
0x3b74,678.2126971470299
0x4c8a,719.1249733338609
0x45d0,984.105809907416
0x3d12,772.030188111003
0x3803,1074.0969960741559
0x2238,759.9442130216294
0x2ac0,979.8501060201168
0x40cc,565.3796314256766
0x2cad,811.9066128997075
0xd1a,1056.8294997691055
0x38d7,1007.5470043652878
0x3e18,789.969372119159
0xe6a,895.0097174514046
0x249c,551.2253413670295
0x53b,744.1409412687672
0x4228,522.5295954461662
0x202c,931.3869939342777
0x770,723.2809862321423
0x4fd4,1023.4966805437521
0x299d,570.3968284834899
0x4be0,670.0316187606602
0x10e6,659.7696053449215
0x1af5,1085.2158279520972
0xc81,759.4503631244824
0x78e,570.7072507257909
0x12cc,1046.044660292652
0x1b55,812.1527787220123
0x1186,991.323176749152
0x3cbb,885.633915154917
0x95b,520.7257603553473
0x1255,496.4386578329858
0x10a1,773.075589150832
0x3a10,1087.2522964546044
0x1551,675.77667028243
0x4c5e,507.70607267030744
0xb0e,648.6278001074825
0x2844,739.058042700285
0x3d89,645.7969714489241
0x198a,948.8497854612513
0x2296,878.2407928648818
0x3d3c,1046.66062738956
0x603,816.5786064032723
0xc47,806.9468230270087
0x2850,1096.6276001368205
0x4521,657.6818786148895
0x2435,652.5048220129208
0x2d50,657.4500504897159
0x2b3c,942.4292540258893
0x4b8,368.76477744956577
0x101b,1126.6532631378127
0x3e0b,615.7880735452918
0x2081,1157.2992240547715
0x33df,809.344279932344
0x33cc,764.6184456110691
0x40fb,806.2631689313857
0x50b1,858.0241462081808
0x303e,870.5700210739977
0x3e8e,735.5532136251168
0x2b55,1034.882493003742
0x1ff9,639.8535620983753
0x2771,674.9204826504644
0x17e8,605.4909782433926
0x110d,982.1169463421586
0x3b32,1115.3466917849225
0x29a0,514.8664462387717
0x45e8,756.2463733730505
0x2ce2,863.2039892801055
0x2ead,633.2426127708546
0x18a1,996.6268045931573
0x3be9,730.8283985264039
0x3bd3,803.7826069959581
0x3a4b,813.8135617587538
0xf11,799.8916147940023
0x106e,647.2341549019698
0xcda,628.8607023812756
0x2ca2,719.5768078890944
0x44e5,784.564188244019
0x23d2,623.122762157753
0x1221,426.79827545787776
0x2abd,606.2168952274492
0x29f0,585.2171484559401
0x1103,495.95084551657794
0x2a2a,462.35744902344294
0x29b4,463.19236422031463
0x4105,702.8820933343851
0xe95,1193.8849387893433
0x12c1,473.7074049376643
0x8f6,1064.5026135106098
0x3dd6,909.4177634859714
0xb55,668.0331099464759
0x3abb,904.1426923738928
0x3836,584.6676279491716
0x4566,860.8481603995073
0x3f05,644.2453695211091
0x3099,937.1364136259565
0x16e7,760.2828925693931
0x501a,719.6696721642933
0x3704,985.5989430006579
0x2906,492.02813523092476
0x2e51,1004.8981175506055
0x39a7,1051.4008441925403
0x46bf,863.8132544020531
0x2874,722.218078887849
0xd25,898.2564314561446
0x2f11,672.1035095932793
0x416,667.8310725448714
0x4071,619.9129591036714
0x21de,1005.0637517491994
0x2083,843.3648462917876
0x2b60,525.9886972300493
0x214a,536.5367765622592
0x3a8e,702.8290041922759
0x1cff,756.7995631423479
0x2883,797.2723229434758
0x3dbf,753.721505324907
0x242d,1163.8085573296617
0x4a04,1001.3282839827664
0x1f05,1123.0129583123276
0xa47,871.9520980292342
0x3576,777.8679645755718
0x862,867.3840783620095
0x49db,826.3827392508271
0x409e,660.8308830931545
0x26ba,1003.8120024424923
0x2c1e,1098.0316775793265
0x226a,1091.6275054940813
0x4496,608.069808252584
0x3e85,828.875122094056
0x2fbd,802.0223003098449
0x2041,1005.4693402067016
0x4210,654.3508076741019
0x2ee4,750.0503326031873
0x8fa,542.7230783361549
0x41b8,709.8323542733245
0x4e6d,744.1693807673047
0x2e49,834.0110397590128
0x49bd,665.3970721560542
0x2ff7,1135.0776355159796
0x1666,747.8952712259377
0x291e,469.67268854447565
0x3e99,505.4610976629045
0x486c,600.366997465313
0x50f7,842.9841495565187
0x43ec,837.9394572157428
0x607,930.6139606660844
0x2ab7,973.8761532231044
0x28fc,794.2869983999163
0x27ae,679.7409052193229
0x1830,924.4704320910636
0x65b,1220.4507157475455
0x3a5c,942.9659825609745
0x8dc,1080.8966900124285
0x4d89,857.8698926628183
0x471e,771.6842698061175
0x44a9,582.6039283029907
0x4001,971.0308959607484
0x1654,1096.1538593948983
0x4508,741.6995401660319
0x22d0,580.7301322939717
0x3c23,785.0899099031284
0x20dd,815.9644012210174
0x2dcd,789.6863224189866
0x33ad,765.7788208940524
0x3769,720.269015143399
0x3436,827.6809387066562
0x196a,837.865746417602
0x12a5,1069.6430099997779
0x12a7,723.01971021267
0x567,636.9056256560186
0x288a,999.4960416158891
0x467a,1131.1071924231749
0x41e7,787.1687976142085
0x2bde,1067.026862426737
0x86c,647.6937975891391
0x2b3b,1246.9400023360963
0x2c12,670.60919954261
0x26be,1065.7915314990203
0x28fd,619.1093020123316
0x1504,913.2795338825125
0x1357,1021.5260941110017
0x31ca,716.1052172146183
0x46d1,634.7521047138764
0x4d67,842.6571038621098
0x4d4,965.6357726146729
0x3254,644.8484297760995
0x3628,665.3861781944321
0x4848,676.9855535239881
0x2d7d,608.5516464211136
0x1f24,699.7936345040054
0x4cbe,860.4018727259954
0x368c,569.2913113306374
0x434c,1002.9051881159497
0x3722,587.272170253125
0x1edc,572.0614757665478
0xf02,913.755062561623
0x528,675.5671565258428
0x2c78,574.99642197488
0x1f89,782.6480173209369
0xcbc,989.8976190408564
0x4bce,934.1740780239469
0x3d06,449.73559958960067
0x2840,595.3868202087122
0x3fe2,876.9306740347612
0x200e,1196.838687626765
0x4a20,614.4511022326018
0x3bf1,969.61551111593
0x2edd,451.4810650628948
0x247c,643.7591655024012
0x3cb0,447.7748969426691
0x4710,540.2193477787556
0x3575,632.1473981113462
0x900,783.6592688096576
0x50b5,564.0890155683494
0x4152,1191.4681142530576
0x3d8c,1085.6980126787844
0x28ae,916.2576430708432
0x23d7,740.5599046531207
0x41d7,463.2056886452055
0x4c0f,592.4172723911221
0x24f9,784.4739755279958
0x1aef,727.716948344451
0x2332,731.9057626814133
0x17be,921.5542119608895
0x69d,712.0208446245961
0x37f7,931.5033335469523
0x4cab,825.5954208936204
0x1bd2,541.0565515050934
0x35a3,853.8572542846168
0x2520,639.1162423430434
0xb3b,782.9141925552941
0x2d64,753.695378651137
0x317c,695.7417746345258
0x4b41,895.3337910485149
0x18ca,905.8102261038329
0x262a,887.4087517268424
0x3911,835.8572227800257
0x4d64,596.4856143089949
0x9ca,841.1112985808337
0x4e77,1020.3462358753609
0x429f,716.6585306811154
0x2630,952.1906356833725
0x3ebe,987.8131748847462
0x2989,1214.4162142736054
0x3879,809.4631840693752
0x3b8e,994.1564735526686
0x257c,902.9992868548561
0x11a7,830.4808574918397
0x3ae0,562.5275869138002
0x2611,734.4697283985488
0x14d8,611.0922990435315
0x56b,753.1760121609228
0x2956,771.3255525408382
0xff2,1134.921576299809
0x353f,879.7514907911491
0x104d,798.8761146923417
0x4b03,609.9613439647178
0x2946,640.3392471125966
0x432c,627.8545844107492
0x61b,922.278676036847
0x1187,788.6224528685068
0x1ffa,687.1167761208377
0x35f0,705.0655354033173
0x2720,534.7498209066434
0x2761,578.3768197331827
0x1601,805.7697134063111
0x3b55,547.2681642910901
0x36e5,926.5293397415678
0x41d2,1044.100496607024
0x285d,610.9506335715307
0x50f9,760.2577553414194
0x351f,792.0119946234896
0x2d40,511.223055643659
0x8de,1035.105349164706
0x22c7,673.8029690808733
0x1f62,472.52716639888126
0x46a4,1030.7584720042755
0x5101,938.8612584836711
0x2af7,868.8873874767633
0x129b,389.4727886626727
0x51b0,919.4677270381878
0x41c1,858.568608553936
0x3fde,680.5381075115622
0x4f43,924.9583449021463
0x1fe3,675.0446288756073
0x128b,473.5736386623567
0x109c,949.6095175707318
0x4902,547.563340595758
0x31e0,553.3117240249376
0xcee,961.1152951558777
0x2af3,806.4652628227877
0x2324,728.8689282412909
0x49a,532.0308623368427
0x729,560.1804877709511
0x18f3,980.9319798383178
0x3500,796.606391459528
0x25a9,787.0740664731135
0x280d,863.8213151523904
0x1521,718.8852870808479
0x297f,569.2954803569147
0x49be,982.4777052484335
0x72c,1036.123968355149
0x3041,707.3525120993912
0x27b2,697.837757380241
0x4d35,947.1096872538802
0x150c,838.1739684616728
0x280a,1020.2038369399249
0xd06,554.9576993691555
0x3fc6,868.1212865889061
0x4ac6,750.1214150236079
0x46b8,1103.236038019207
0x1b96,707.8796353548221
0x1cd1,689.8226234365728
0x270f,1119.1637645368871
0x1054,518.3772080845536
0x4cca,895.2276161265017
0x1e41,851.7367818347861
0xc02,520.0047576107174
0x234f,494.0548120673657
0xed0,563.007955983166
0x2fe5,1086.475088699276
0xea0,844.4755070665348
0xf24,840.2463786278774
0x504c,931.392826503909
0x287c,404.6703650921527
0x1363,906.9857215697779
0x266d,625.7116831848724
0x46ce,1064.8243714412101
0x5173,798.854978852546
0x21ac,434.19742107534734
0x1f5d,611.6785880204471
0xe09,897.4104477685015
0x3753,1177.3561405286
0x1d62,620.7069626638764
0xd31,872.9338384125724
0x22cb,1174.8103286381627
0x3e9,892.581316044171
0x3545,681.784614363846
0x2772,859.2349908774819
0x318d,649.5555063559373
0x4c42,1107.7464317444576
0x5076,606.4963785374161
0x4d6f,678.0247565131026
0x2b6e,1112.1675295463397
0xf54,859.8813747760483
0x1dcb,749.3133292599947
0x12b1,749.4815910984124
0x13b5,486.5220872312168
0x1226,649.3948509623403
0x2018,975.4598755274577
0x15b8,519.3756253265113
0x52d,826.3102102194238
0x4d99,599.5412740221345
0x1dad,460.2737289535859
0x2279,574.8984335361521
0x499d,946.5607083746918
0x27e6,822.9399476566565
0x1242,670.9594744062731
0x28f1,509.5972509080798
0x33b0,582.803568714386
0x4da8,1106.9478059210996
0x48aa,737.5071971426074
0x44d5,895.1889872290643
0x3ef5,719.0273800875767
0x44da,599.3409929143725
0x1702,1100.1806720103366
0x408a,725.2275634889321
0x9a2,469.1036322915335
0x292a,947.8426679683348
0x447c,928.1000439826058
0x29a5,738.0190834618556
0xf9a,780.7554601306148
0x1d9d,923.970630240901
0x125a,628.4251624924069
0x3bd7,792.7023268843958
0x1e4c,608.2154593616384
0x4ac5,965.3093612939089
0x3b2e,776.0708429119314
0x359f,1138.4339453122066
0x2c41,466.7748996631788
0x3833,1064.9355071266923
0x1d32,885.9040266863884
0x18c5,923.3249287716961
0x12eb,909.1316103806229
0x74e,672.0050420982512
0xd40,604.2278794962482
0x272a,606.7478242264382
0x42c2,968.9321467329047
0x34ab,1056.7453234645961
0x2f77,695.2644983219989
0x46fe,702.4721386871115
0x3ae9,997.9449894335978
0x1a1c,749.0979838806977
0x2fd5,679.0735658014054
0x4f8c,649.0649198267988
0x2b4b,646.8277116493986
0x4ae9,566.1800617043052
0x1c08,540.3189567060349
0x4080,750.4170987911632
0x454a,719.4841534781796
0x2318,700.5805783781902
0x643,1100.7337775005578
0x451b,1086.742383458028
0x3237,521.8548006615262
0x4cbc,795.4352198498717
0xdbe,992.1074317467962
0x3df1,781.0773054108681
0x174b,566.7598027757606
0x3131,492.239527440997
0x22db,761.9691509798165
0x48a9,472.4432633685931
0x9b4,647.3052415181178
0x16b2,759.277007003965
0x347b,748.1614283867085
0x3315,1023.8350410130056
0x2a4f,868.4714950357886
0x40fc,644.2400552199756
0x23fb,868.080681225755
0x224b,928.6885399246366
0x4562,757.7681028195
0x1507,531.1022133138305
0x314d,1119.05622090324
0x1695,802.736200869999
0x1384,863.2013962778401
0x4c2f,678.4374506943652
0x45df,939.8797668839654
0x2401,864.758244022258
0x49ad,781.5632062696005
0x4f6f,1116.8274067993734
0x4678,680.5659167104067
0x1f22,825.7096475367275
0x42a8,640.046648738536
0xd9d,715.5006155484525
0x4531,1203.8993590996938
0x470e,712.0726445308811
0x3503,1162.5578771347728
0x939,904.9803985831907
0x4662,1057.3455399178256
0x4658,658.313380394316
0x40b9,778.4213434074118
0x43d2,478.91781403804833
0x4717,804.7063463352463
0x13f6,582.7518550198482
0x4aa5,913.088341055689
0x25e8,651.5673161566245
0x188b,501.07769402238836
0x385f,582.16945074287
0x1732,756.0383198241232
0x2804,925.6733748185336
0x96c,1139.4560908072708
0x3522,658.3674649535692
0x200a,999.9369813804791
0x12ff,856.7338642095632
0xed3,740.4335869835544
0x3ce8,571.1217301408738
0x1855,619.9359308781308
0x41fa,508.8233170085252
0x3d69,468.65898878499297
0x2fa0,814.1498971400915
0x4af2,970.3000844075659
0x471a,752.6046132563115
0x1916,971.7024952831757
0x115a,1035.055345420404
0x1ebd,855.7998006047079
0x8d1,586.9998114571226
0x13c8,809.0315156772918
0x169b,616.4165111774964
0xae8,487.5240848236174
0x179f,905.5776388598972
0x3016,883.9935290030495
0x20c7,913.9579198651959
0x2cf1,978.4741333616925
0x2f3c,852.379328631547
0x3350,655.6199222447672
0x33ff,940.1024893244162
0x2a9b,1251.5715076590732
0x34a5,709.8749204836183
0x3109,1005.6372058791458
0x1dca,505.3302283728642
0x1606,566.0331820223653
0x3e32,693.438667665069
0x1f2e,869.7916851636655
0x4f24,798.1139100896539
0x4920,783.6363422745643
0x44ae,468.190000513925
0x302f,757.3955721010503
0x1a1f,1075.5421993376995
0x38ce,806.2711214768933
0xc72,748.8967659522046
0x242e,601.213517411539
0x1d7f,742.7339875357793
0x24c0,939.5546913833039
0x1618,727.1677062376262
0x3064,863.7096175871562
0x2752,1229.8439439186639
0x3358,643.4780001397047
0x433b,593.0187525882594
0x497d,1008.9678789483473
0x1333,787.8153182626386
0x3170,1024.5130742481504
0x4936,706.1807740916455
0x42a3,637.4992349532065
0x1897,882.9450632346985
0x944,768.6370515894105
0x21e4,570.1195621493656
0x7cf,568.5756037771348
0xcab,473.30814980465635
0x33e1,941.2137518396339
0x506c,967.86457855297
0x3ab4,572.6209831971674
0x51f2,966.6246502785439
0x6be,675.80058932309
0x2e04,688.5641795361196
0x3a70,964.2550850822041
0x968,812.8037900285815
0xafe,594.8949639507277
0x2ca0,831.2588475051624
0x26f0,849.2673467797837
0x6e4,682.1217674118936
0x3190,663.5719781556434
0x1599,534.4196882866144
0x39dd,691.3265884926973
0x4cc8,828.3215037073168
0x2fc0,932.0472505233008
0xbfd,779.7184994484642
0x51a3,1022.6580725154001
0x4199,877.5775047733212
0x30c3,732.6993798840572
0x3e66,835.7507136592388
0x37a0,578.0320243417473
0x10f7,620.863174025865
0x2b80,701.2671309550832
0x3432,780.4179540324275
0x799,1011.5403889471609
0x4924,708.8325190101615
0x242b,531.5425740919129
0xa44,882.4641365096276
0x2ae7,992.346197089692
0x1e0a,624.4683789556203
0x1c8e,559.4635876880477
0xdc4,891.3709907984983
0x3a81,1019.5220823815251
0x11f8,815.325132350797
0x2e0f,609.3270177605721
0x2cd6,702.6932963217497
0x43a3,771.879091921295
0x16f7,527.8920480782688
0xbf3,766.973215187058
0x21f8,597.9865589451816
0x1fc7,908.3419794955356
0x43d9,566.5868787825829
0x13c5,686.3048480749519
0x473c,927.3786758861947
0x4e5e,517.0038307923452
0x8ca,747.0297342180979
0x225c,879.6514027780732
0xd20,1018.9748840780812
0x3fac,1025.1897038660647
0x1aae,630.3314232897849
0xbb3,588.8584892339412
0x2a77,940.0633014703911
0x4d22,780.1571793197073
0xf3a,466.04178914378525
0xfd1,691.2234718818142
0x2e6f,597.9092723358644
0x16f0,772.6974225190688
0x4f87,1154.656302693183
0x3c89,802.496053260204
0x15de,1284.0664546980288
0x3ba0,368.11862945692064
0x484e,976.8366892364742
0xce3,658.9670965914638
0x110f,903.3075902480655
0x3723,469.8859166772133
0x2581,1023.8918993540663
0x1f21,769.2946500466653
0x4f52,904.8549232127141
0x3fc5,831.3363953082234
0x4b46,360.8946854152487
0x33d4,588.1742918147999
0x43ae,824.1617928691381
0x1b35,721.2036505928593
0x437d,641.0483219468457
0x4e9b,656.7670601207387
0x19b7,674.0865622539202
0x1b92,577.3855501986372
0x2c51,1071.5895935569308
0x1d33,727.5005316180375
0xce8,579.1132578519506
0xc3c,793.4214418058377
0x2207,676.9530933596689
0x1377,792.8142906255886
0x51e,931.7392963530685
0x3f56,798.0151274842834
0xf75,777.536617628334
0x4772,1260.2929904203497
0x9cf,631.7431993296238
0x10a2,863.5989438878418
0x8e4,1033.7613524686244
0xd19,689.7214901034853
0x4028,1043.8586481972923
0x1e56,484.0269011469258
0x4602,830.1773108172312
0x4c6,599.2586677594581
0x2146,853.7866695953858
0xc8e,582.6738408473412
0xe29,690.176858071643
0x283a,811.1693010010124
0x2162,877.3211195396981
0x1961,372.25664021675914
0xa5e,910.3229308849743
0x17d3,1032.0917653987387
0x274f,644.2575622130222
0x3d23,912.2228202868864
0x48db,690.3034880786344
0x12e8,815.8232446635203
0x1e2b,495.7920715823511
0x260c,898.567110947202
0x2314,776.3841563262921
0x3135,701.8333098847318
0x2a84,1010.0142733345554
0x100b,825.5848564375088
0x4a0,873.5946288295813
0x3680,814.4552311321054
0x51c8,936.9986501545641
0x2816,474.1982233846739
0x6f8,504.0882892414502
0x2da2,979.4831108673911
0x6b8,523.6820526065202
0x4a53,732.785448703902
0xada,630.7027109789802
0x33d9,853.2593343891143
0x3e6c,679.2764884803895
0x4f8e,811.5939988346174
0x3f61,766.9835722054842
0x6e6,475.3117223881863
0x49d8,867.0833475560898
0x2e16,1252.1852928872902
0x1037,792.3733667621091
0x102b,709.0371985599146
0x2ac1,498.31977042650567
0x11b2,780.1081083773976
0x36ae,760.458564174601
0x338b,871.2743123782935
0x2992,1104.3474892055212
0x429c,991.2861953556398
0x4622,756.9331579151326
0x1aa2,896.5237831897001
0x3f16,982.0040111715145
0x2bdc,494.4965505188227
0x42bb,719.771170437659
0x30e4,716.207820876948
0x3391,829.5671280220099
0x31f3,912.8006215666345
0xff7,789.5074666094733
0x5111,935.251745007023
0x406c,611.2249893374992
0x2054,898.3741604902592
0x965,695.7455258408054
0x4776,905.6551896946909
0x2899,425.37488755361403
0x36cd,649.1377386034361
0x432,961.6227853547479
0x2800,586.6546335945415
0x3337,709.133521972067
0x133e,780.2626292975688
0x36d1,858.6714136660239
0x24db,526.4485666815897
0x471f,607.2272554924323
0x4cc2,515.5749337948265
0x4982,813.9714969783934
0xbed,1014.9443697012151
0x10f9,896.9186305199004
0x201c,692.4421079035386
0x38c3,699.0919789034258
0x1a21,923.4456945822275
0x1930,1196.636367252151
0x340a,993.3843210277456
0x457c,1102.7570165747845
0x4f28,1263.29473819183
0xee4,857.3944860849813
0x4e14,693.124791043426
0x4b27,974.5813971258465
0x167d,640.4818048414164
0x22e5,629.3869526283854
0xbec,1003.480300173877
0x50f5,479.1009714765759
0x30eb,592.8239657298412
0x4ab7,645.040069809756
0x3c97,1011.1801523750061
0x3ef1,609.162034391573
0x281a,460.2755145509081
0x22a8,1111.3911749206025
0x16d8,837.6039924801308
0x685,814.6472565094491
0x7df,925.2237697847434
0x1abe,733.4672959390551
0xf94,598.4798977202772
0x40d8,693.8209440890582
0x21d7,850.4962835743771
0x1276,797.4816265900112
0x492a,592.4114560609646
0x37d8,936.2967645820254
0x4457,962.7182982804688
0x3fc9,555.5982001594115
0x134e,558.1584525562743
0x3b79,658.5574165111278
0x4112,788.4967585653095
0x1109,841.057146365901
0x22ee,1044.489965946908
0x91e,650.047382564504
0x474,552.4569040331288
0x51ed,607.0505560570197
0x46d9,438.89465631263187
0x43d6,725.7926436411543
0xbcd,773.9755567847349
0x3076,735.1918451001108
0x1566,733.1415752921936
0x3122,649.6670782080943
0x3dc7,933.0868011712834
0x364f,876.3644595735068
0x3f7e,1198.744367171835
0x4429,898.1657495704316
0x4a85,736.9280187764869
0x3039,798.1527959091483
0x1ea8,690.6564310857227
0x4bd0,888.2846305090853
0x25dd,848.382811119827
0x2621,619.3061542776301
0x4efc,608.8471022746016
0x3f27,876.9972332613895
0x3199,730.766495317307
0x31bd,649.2725830339546
0x4dfb,895.4464978519709
0x4df8,637.6503043893438
0x1cb2,381.6646354090946
0x1105,938.1516526102296
0x4316,512.1379295170659
0x2d26,814.1501917718676
0x3c94,554.0112166603477
0x4b65,568.4401240387446
0x37e2,784.3045982819449
0x2b0d,963.454345400583
0x375f,715.1229114772335
0x36dc,1180.3220658862592
0x2c5b,490.2583227756758
0xdf9,772.1952478219531
0x18b0,781.9373457383078
0x3119,544.2433111872967
0x38f0,458.6258105847542
0x4adc,587.3878501296685
0x3133,642.1666303840666
0x2e6b,655.4563113857563
0x4e7c,981.7671774581843
0x9c8,601.0218026687305
0x4853,1123.2500256602575
0x4ee9,1119.8935731249376
0x265d,852.6481707293971
0x1946,1179.7459143271085
0x1e96,1060.4050670442034
0x3e12,716.7171594538825
0x1e6b,728.8638329395625
0x22d3,663.4742558217969
0x4419,807.7247900567427
0x3368,567.1185990778275
0x25fd,891.9236939471049
0xc7b,774.0585764713072
0xd92,686.2521702948502
0x1f2b,950.4945569017278
0x38b5,897.2562888082117
0x48ca,802.7722821724029
0x47f5,827.1872334487189
0x4f6c,979.0192823661188
0x2d74,563.8983208195814
0x342a,801.5108002552637
0x86e,807.7409539415621
0x16ed,731.6291986884174
0x9fc,622.9451054454352
0x4e93,716.595254654784
0x3c49,771.7265127735122
0x739,511.36885748066766
0x4a8a,467.2616017778221
0x495c,792.6155316756632
0x2379,1322.371003654766
0xba5,1213.9813015281675
0x41a6,759.5522925265367
0x7a2,835.0072462987744
0x84a,814.9825334070608
0xeaa,1058.4358942241806
0x31d4,607.0099051239906
0xf70,543.5149320972499
0x1653,624.9288387050857
0xd6d,494.25467319777596
0xb69,593.9163314667794
0x2914,450.47601893676983
0x2e9f,885.9698864508993
0x26e7,728.044499078666
0x19a0,959.8181303063701
0x17d4,618.8352852035732
0x4a6c,518.1205660518764
0x268a,546.8856118666807
0x2b99,947.2601851029842
0x53c,334.27443425058834
0x47b7,948.1968668252383
0x3eda,733.3855834149451
0xd47,842.3767273098455
0x2d07,773.8326077568596
0x10a5,648.5351580669054
0x4a31,1001.3873673362808
0x1a92,732.7146065866541
0x42e3,727.7848265737638
0x28a1,724.7653622525456
0x16a3,516.9343686096717
0x406b,1043.52961947681
0x4ce2,599.64437655798
0xcec,666.292282641201
0x2b31,678.7161169017204
0x272f,853.3893283800222
0x2b3f,851.7586794568965
0x12ba,688.5761384422851
0x774,570.7452698928467
0x1e43,770.3388465333295
0x3024,527.3994981584184
0x129e,705.5115168916949
0x4525,1001.3523612409945
0x2589,873.3064976026732
0xe8d,1007.9894957877943
0x1ed9,863.4376736786965
0x3f85,889.288125123211
0x179d,632.5153150617393
0x3777,920.2901188489343
0x3a9b,582.3981075934045
0x3fb2,739.6164181020014
0x1a18,927.2241073762247
0x1471,976.4930130102043
0x2887,882.1230497386872
0xa3c,790.3683271714197
0x240d,398.67805759792105
0x4172,812.9063008716508
0x287a,704.5055955565471
0xda9,524.687875598237
0x399b,915.995410484673
0x26b8,783.2490331115482
0x1163,774.9695824886059
0x4c9c,768.1784923346244
0x4fa1,438.8660357260478
0x1082,681.363038380596
0x1620,725.874755460834
0x296a,873.9867460600672
0xed4,663.9530572241191
0x2079,937.9596586744944
0x25eb,685.6749422707816
0x4ef4,578.3740941865042
0x233a,986.0554499817164
0x3175,1040.9119685342139
0xd70,809.2818910458998
0x987,882.0616466952381
0x1575,1004.4648374839176
0x1d60,768.024565601374
0x40fa,627.6479303043603
0x435,525.9073758291024
0x40fe,897.461302835845
0x504d,934.3244464817847
0x4e10,721.555104673505
0x3c16,955.6801445920651
0x2311,820.4580797567271
0x393c,768.1826256700039
0x46c2,765.8548249899573
0x409a,762.2530799144299
0x4c9,912.06453357466
0x1a71,537.6786080198982
0x2bff,995.8771397300193
0x2a3a,829.712819072777
0x1e85,811.8700218739071
0x485c,776.946388002231
0x13de,998.2103870580805
0x5f7,517.9853217398914
0x1e66,812.4954568551326
0x2517,1156.2870173723425
0xb27,694.6783123433368
0x3735,780.40605448491
0x6cf,769.5036806689116
0x4764,891.3748283985402
0x4092,828.5872314688447
0x3e62,952.935054000504
0x42ee,1111.1789035502807
0x219c,1067.3903963622954
0x1781,563.2772569113374
0x4e94,691.0266530843368
0xaf1,1126.1072450286072
0x3c9c,1016.5607956590571
0x46be,661.9872344181583
0x24f4,817.3649194411145
0x4763,543.4993789349862
0x3f0a,528.5027939507976
0x2406,942.3246284660746
0x2399,520.3749396736732
0x3019,725.1855630250351
0x3306,1072.7229778402386
0x306d,752.800283038035
0x2c47,887.9955331817515
0x2d48,526.3722815390843
0x47f3,1054.8612207760684
0x1bda,795.0503744352574
0x2e6c,427.0390326427046
0xa84,1220.1485329932705
0xb5a,629.2054260689351
0x4792,724.65270222436
0x349b,564.8345577903252
0x3f64,1053.850944797309
0x298e,762.5974109734829
0x2a60,405.6743713853244
0x3900,663.1010168981128
0x4881,622.5979331522384
0x388c,922.7297620271571
0xf57,697.885564379006
0x3aeb,557.5031128260564
0x1153,1220.275525740681
0x3229,912.2457928599348
0x3517,567.5657627856094
0x27f4,601.854137175646
0x2f17,1005.8410734812608
0xf9e,770.8941383859791
0x15d5,867.0687822978405
0x15bc,641.7074750460146
0x1528,743.5244282447728
0xba7,464.8641193654289
0x4f2,943.8598775754806
0x2bb1,756.4685486129171
0xe2f,764.3723103024209
0x1bc6,683.9407148498871
0x5097,1017.2332079098669
0xe82,859.8620707129514
0x910,623.6059668832795
0x3b87,1155.3735537731473
0x1c5c,1061.7079060349056
0x1db8,680.8378074911316
0x1077,1160.0069572844313
0x2506,751.6022837969357
0x41ad,903.6029479995709
0x2ca5,828.9859237521492
0x286d,688.1995065884072
0x2f87,989.749703173409
0x3869,899.2472790698943
0x3ff8,1003.1038829602859
0x32e7,801.7735041308514
0x4021,914.7719516509502
0x1664,1184.0758706609981
0x17dc,1003.5721351384532
0x803,622.1327247718473
0x1a2c,421.2579263764747
0x1462,1111.300244779129
0x16de,510.47208964811114
0x2aaa,774.2765173156812
0x2bfe,950.7025088565956
0x7d1,900.5934765308689
0x484c,626.6850331471618
0x6ff,710.0054187512004
0x27b8,642.9990186846227
0x14b6,990.9282614562363
0x1145,620.27364721154
0x4e22,641.0304618041467
0x2c8d,862.628108966313
0x38c6,898.8641152549186
0x333a,824.1992546960786
0x3022,660.9071927701197
0x4f88,536.8543654976542
0x776,638.5622788035027
0x42b6,651.264894853804
0x41e9,599.0881547562315
0x33c7,804.3374841881317
0x8d8,744.154337319084
0x5068,761.1434471145727
0x1e5f,860.8844675716144
0xe73,1195.4680783933961
0x2a06,1034.2907288715837
0x296e,518.2977015278653
0xdae,671.0920166239132
0x4b3b,522.2030335678064
0x4d6d,512.6697056223181
0x557,600.3134584382194
0x1540,901.4094686694983
0x98f,970.1242510820498
0x2646,1117.7153449621414
0x2638,531.1095744453884
0x343b,915.4630292887765
0x118a,826.4979163455687
0x3431,802.1210516673617
0x1c83,1153.8500664185833
0x10bd,767.7322377152385
0x285e,668.2539076087703
0x3fe3,897.2351665878573
0x4ed6,549.7761073984758
0x3f41,459.1841499222642
0x2443,895.1327752392397
0x449f,692.0927071186323
0x1b76,706.5352584615617
0x11a0,737.5734225468517
0x2422,1139.6749894510328
0x21b5,645.0862192966742
0x345e,909.4585992046128
0x4d47,871.0947972730488
0x13d8,727.2582506086958
0x43f2,842.206413466422
0x3361,833.7650964557268
0x22c2,848.4506412811158
0x31e4,1009.0405166346309
0x5180,847.8797926935945
0xee0,867.3882076389314
0x49de,1033.5752900450352
0x48a0,1083.6932823110944
0x2865,964.1071975529816
0x2980,1388.378548287873
0x970,941.0931422511088
0x401a,786.2118180142236
0x464e,695.2535058060253
0x32ba,640.1910350524649
0x1dfc,768.6511307313145
0x3026,795.6318406237397
0x2612,1008.140872506008
0x2b06,677.38265240182
0x36c5,930.740754289154
0x1af8,688.673147117626
0x2aa8,567.4296133273588
0x1b69,526.4606068598396
0x147c,869.0010402045448
0x3185,547.784410087263
0x2cf2,962.5894193432518
0x3738,893.6834997939224
0x23b1,521.1307259586442
0x2342,912.8099926621369
0x43ff,1191.6645892670545
0x25ed,786.2153071768515
0x1401,569.5357905651815
0x3c17,1135.6560484119452
0x32f8,900.043201584908
0x213e,491.26908010361035
0x969,945.1396887531502
0x41eb,850.5488714644941
0x3730,442.6300984242101
0x7ae,1003.9116553193338
0x17ba,623.4215573330655
0xc78,873.4097645792784
0x35ca,433.3263335117215
0x2ce5,776.5086373342716
0xbf6,711.5991585741261
0x12f0,554.7655716665394
0x25f7,679.6422147996457
0x14ba,759.152350919128
0x2e50,804.5266362254989
0x16ff,625.1303048567601
0x47fe,583.1840619404536
0x2b5b,858.0851613976436
0x27a1,535.8911279720375
0x1e05,735.6762787465152
0xb73,858.0154663229104
0x4603,1034.435391557265
0x2087,565.7376346124614
0x48f7,578.6924417951193
0x2949,1007.4075629676361
0x4f16,672.1833955959547
0x19e3,1026.6227047805344
0x1edb,655.4423324786507
0x3f78,887.6466957192861
0x467c,931.8242701663363
0x4c37,977.8114197743007
0x37b4,984.5572834838174
0x48e4,646.6230765880758
0x4acd,488.4614929425509
0x4fec,595.4421464569947
0x2bfc,845.3100093432298
0x4b98,877.7720654928376
0x34e9,636.4491450633819
0x78b,823.8463594402093
0xc05,771.799493540971
0x408c,827.7417822118136
0x40ac,1077.5432029346305
0x51ea,777.525047374552
0x38ee,748.7993356876763
0x48ac,551.1135468788051
0x32ed,612.3968637900792
0x2ce4,687.7964819513085
0x2b4f,982.4104245892185
0xf9d,836.2089922290119
0x391f,476.70047871535036
0x2937,517.2864493372663
0x1b70,482.21659035969367
0x380f,653.3195665169684
0x2060,836.794214035375
0x1536,655.6459514281461
0x184e,615.331796577682
0x4ac4,660.6607434217505
0x26ae,801.7184645328917
0x46e,842.3665478815803
0x3b0c,1059.271103989153
0x64b,676.7592751585696
0x424b,797.5055714565309
0x1c94,744.090883791439
0x126c,670.8493349846703
0x10dd,541.2254210959936
0x3a2a,696.4011633880313
0x2a8f,518.5624989262826
0x16fc,669.1045281028511
0x4336,660.5793886893715
0x1b9d,561.0027704071229
0x4bf6,518.7049632194531
0x4043,739.1597039909869
0x21a3,758.501699407267
0x228b,823.0353871446316
0x2482,864.6862936644702
0x3d6e,973.535739414827
0x16c3,766.6510092120556
0x27cb,505.3730377622176
0x48c3,876.2378792462595
0x190b,644.4796723375596
0x7ef,510.49872907593385
0x47be,703.6170591417916
0x1c9d,782.004587670703
0x47a3,831.1587591690221
0xf46,862.6742509557309
0xa13,838.6594863133537
0x1d95,884.3197410322288
0x2e8d,858.1082215172
0x4d30,692.0107364455042
0x1eee,659.7050833416276
0x2661,467.0642450896908
0x50e2,566.9704095349573
0x92d,1059.1652896023113
0x9bc,585.5537850822346
0x4307,611.7767375882814
0x40c,857.1585739397085
0x1e31,799.2786104554534
0x703,700.8640838346738
0x38ad,756.1543768087774
0x3bc0,530.9984948741796
0x3a69,551.1100079866189
0xb14,767.0230687018859
0x13ea,697.937400301541
0xf15,719.4483902135267
0x1baf,1023.8278075291782
0x593,818.5337348001505
0xbcc,1062.7719024950757
0x4b6b,981.8423601175838
0x2ed7,943.209815478723
0x1a7c,529.1364008918058
0x241b,693.7133777630966
0x129d,922.9449184791878
0x189a,577.0332645033785
0x2f7c,610.7400502341619
0xfa6,746.923548242557
0x20aa,640.8482997382197
0x25d7,975.814931643915
0x2a8a,925.4167816592887
0x3126,850.6734405062854
0x41a7,972.6901276302683
0x1bc9,577.2910968090023
0x5152,635.8008802174626
0x30bd,504.45189605138523
0x76e,810.986666071802
0xec3,793.3500057544237
0x3bfe,849.4238606176406
0x4de7,1012.4180499055533
0x4db8,1057.9539320708839
0x49ca,913.5281179237115
0x1bb4,747.4011930772346
0x3694,637.2117667822852
0x441c,456.9264089072867
0x4479,847.8978071658688
0x1866,802.5098895450177
0x4df4,966.8895502130666
0x426c,759.0623002219779
0x1f5a,852.3676422123477
0x2efc,771.403872196891
0x422c,861.5810708684021
0x1f9e,857.9066357007758
0x13b7,1037.2536128579525
0x45f1,483.4791008930359
0x1d01,581.8288094798527
0x1215,610.3377560568234
0xff3,523.2801955056025
0x2e9e,792.9656650265324
0x3045,448.4249757791201
0x2b36,596.5257637635108
0x18b7,756.677881044819
0x4446,993.270887950435
0x2aee,618.6663344337167
0x356e,606.4853009944003
0x6ca,535.7202558246735
0x3675,665.84164230635
0xa86,1015.0914241960988
0x472d,654.7078166352809
0x1ae6,454.20998460407526
0xf8f,780.5823634240377
0x3aab,773.2299535986721
0x4c81,707.2725374440423
0x1ad0,958.2160176590113
0x1f27,577.2911380796849
0x189e,574.3094190853833
0x40ea,859.283254058699
0x112d,769.1128486961348
0x1b12,620.3779973647106
0x5002,827.0996428695478
0x5056,626.0807401686451
0x42f0,685.2856551541353
0x4d9f,665.4804433934811
0x5c2,781.6696572436455
0x14f6,1285.818397294859
0x46ab,915.5313157337612
0xd9f,601.3599215904885
0x3df0,884.4832687325666
0xe9b,920.9232014425897
0x2456,917.940169080441
0x2fa9,818.2043172026213
0x1113,1066.2547508385198
0x401d,841.2097103817223
0x3aa5,1228.948909502468
0xb60,1038.145028553677
0x2bad,897.9066165593899
0x37a3,858.621216717961
0x2ef3,807.3690648673286
0x23f2,778.8188555011309
0x238c,637.0411974023834
0x2c14,587.6233153626312
0x3740,574.5216099484182
0x38d9,1051.5628390422535
0x2b0a,872.4839627763488
0x490e,731.1796359623045
0x4908,549.8472272774444
0x453d,762.3434654556474
0x24d0,748.0917344744822
0x17dd,1000.2437257450388
0x4968,847.4373385299485
0x103a,974.3229669596409
0xf53,733.9523983198872
0xd30,903.7967082314476
0x8e6,616.09791429148
0x3be6,810.0453294642373
0xaac,469.92250201107703
0x4928,769.1622519903596
0xa53,821.9383789740101
0x2579,949.79034825988
0x1d3b,770.8902805956628
0x2df3,964.7454167568399
0xfe5,811.6516627575483
0x1705,607.6111227555159
0x880,959.6432542191016
0xf8d,892.0755103224867
0x252c,763.5447130651395
0xd35,748.5714767489566
0x20b4,595.0949376813013
0x2f27,1196.8105596254957
0xdf4,723.9583299035007
0x1bed,900.6263916197481
0x330e,881.9666354738561
0x1bdd,595.9697904484434
0x4afc,1018.1713608706566
0x4128,778.0559411053179
0x4f72,955.4209718532917
0x3fb,746.5741179445375
0x1efb,954.8031584347905
0x148b,605.5143548948333
0x1df7,692.5333932506329
0x1a4d,989.8083368520093
0x1492,972.8146915737022
0x3717,635.6820818464403
0x3716,998.4066996899452
0x728,1041.2852792399385
0x4f97,714.5175014206028
0x109b,744.2556997490246
0x286a,834.2717584121975
0x17c0,847.982696290145
0x44dd,812.9387759525835
0x2880,774.8449216449634
0xce2,772.832643711172
0x44fa,623.4137718527301
0x4fe8,1060.0843485251535
0x3bd8,567.0274888541662
0x2249,994.195351737824
0x2c1a,582.5157590796875
0x42d,931.1746040164605
0x2442,454.3034727241475
0x1ce0,757.9843595165552
0x174c,449.09446473414135
0x472c,616.6008842200652
0x457b,1013.815069885935
0xca8,731.4737761231652
0x3458,609.4692125211802
0x3094,588.0697615812494
0x41c3,914.9186731655562
0x47d1,733.2306672330076
0x51d,816.7751650253183
0x201f,865.369754555097
0x1d1f,787.5840505954454
0x4d90,852.1182144367559
0x1bb3,579.010228153172
0x2230,516.7861290825939
0x38cf,1027.9740709164548
0x4243,1040.4119667535924
0x4eba,986.2825905572968
0x3c53,638.1405099587819
0x3844,625.9065835618362
0x1a4e,483.9188048271919
0x1f99,654.7916305541357
0x4a5f,809.3495215678679
0xf1e,866.9002658142613
0xa7d,574.7991504107752
0x36c9,1030.2944702884897
0x28c9,580.8598920664302
0x1d82,864.9722148322732
0x3aa3,697.7655434435984
0x31b2,743.8728336891745
0x2689,691.7959561765468
0x264d,983.8310132088363
0x3bc4,670.5052074167994
0x267f,913.8583841948654
0x27c7,897.3235545490338
0x1316,1088.524346556679
0x1302,775.351755294689
0x311d,852.4289965653452
0x424a,955.5672355330183
0x2b68,735.2427723346419
0x42c0,851.220203138756
0x9bd,820.1211096467407
0x3fe1,470.9311316140467
0x140a,1009.5170378464294
0x509d,693.7663847801198
0x2c8a,691.9926984752738
0x49fb,731.912963992908
0x4360,794.7043677955044
0x4578,882.3099783293446
0x45d6,647.9301043647511
0x4350,563.8073566009333
0x9da,942.3580840461483
0x399e,656.8580102542215
0x2554,1056.0308736345044
0xec9,1081.0340592451653
0x3a38,1082.9480231909204
0x23ae,811.0853528692325
0x2d58,751.7600392253938
0x4b7e,479.9630399073113
0xbd5,631.7287090241072
0x4e1d,713.9843403706358
0x4248,680.9742631060692
0x342c,1139.9519592910476
0x47c1,783.1169801888686
0x377d,792.4485731755648
0x2e30,696.0481335515079
0x836,763.8414003221594
0x2932,775.3546374816098
0x7ab,954.4340374819421
0x349a,1148.1173094462097
0x2ccc,710.0308565525224
0x2fd0,1339.0789429792048
0x35a7,828.4058514080938
0x2919,927.7726403553339
0x2bf1,798.1354905986069
0x115b,655.9953995236077
0x1dae,885.5788143811523
0x20f4,812.1936052789288
0x77e,546.8934874870142
0x4d74,788.0916505529239
0x48f0,543.8786246813935
0x3870,698.5696429386361
0x1def,678.628392664432
0x333d,1078.3521514372803
0x50c0,848.048317637097
0x2e6d,950.8536303645162
0x1b34,713.1985204825553
0x443a,844.0097933500077
0x33ed,820.7560078994604
0x1657,924.065260707232
0x16da,737.0676840519229
0x9ff,964.2226144971861
0x4408,823.7660174610193
0x452e,914.5040763969545
0x5e8,865.6737562271571
0x4c4f,1124.9697842155801
0x3955,735.8575038960989
0x33b9,752.853732490984
0x20c5,781.6268088896043
0x18b9,1025.921337596225
0x2ce6,623.020822327331
0x35dc,1014.0349032710967
0x4a8f,920.2646674725198
0x3999,762.679481617567
0x468d,953.2292465505327
0x58a,687.3417426739458
0x2c62,710.9989367283891
0x858,762.8492903241615
0x89f,675.0926799605703
0x12b6,985.2889788880752
0xe3a,874.1629352153199
0x1202,683.769444606261
0x4727,736.8689681705196
0x25dc,414.6519691626595
0x430b,1132.7625167718727
0x247f,713.1542609829091
0x7b6,772.4101607108357
0x167f,944.0264654994966
0x1c0b,397.52907764824937
0x23c2,903.9257147375802
0x4287,905.7899995588143
0x1687,1019.9176316760478
0x4eae,419.48704101865707
0xcfe,556.8721389170115
0x37ee,708.0181974491214
0x411f,1066.0246593720824
0x928,659.8302707885566
0xab7,1042.7803007685907
0x4a8e,800.47924544893
0x3882,1060.402884083929
0xdaf,653.507055895498
0x2d03,757.0511182144219
0x508,589.9903533684635
0x11e5,925.1921121143918
0x3325,1132.051193765879
0x58f,529.1363737815916
0x271d,789.1601906861222
0x3e77,979.7680573162388
0x4aa1,1076.312955464553
0x3871,836.904096797129
0x1698,524.7552495501085
0x3461,932.823710145453
0x4333,662.7872386801067
0x3067,837.2799837336917
0x121e,485.1039827638919
0x4fff,1027.2564135664413
0x2150,808.0308829611583
0x1e34,768.8430539338576
0x12f5,502.7608776913363
0x4885,634.9845183549123
0x3840,768.1451375775297
0x2907,805.2533247997342
0x500e,641.3912783912473
0x27de,767.6280764531781
0x3410,682.2376660801407
0x20fa,851.1292625173382
0x501d,679.2236808276059
0x2c0e,552.4044069755016
0x4b0e,784.7911203241412
0x24f3,1138.905919294717
0x28f9,822.6241646329731
0x35d3,762.1104716733226
0x1087,755.2804617911601
0x36e0,1003.9839371520051
0x1048,1005.2966620918122
0xc92,636.2622116634905
0x3825,423.5667745791879
0x21cb,912.4417082983794
0x2729,473.4351390006323
0x80c,555.685748279972
0x3e70,726.1788000726115
0x1002,757.526984006076
0x453e,1080.3925781196692
0x38a8,549.6028868870819
0x193f,726.7391591516944
0x45b7,671.6898889046889
0x601,546.5422873604344
0x451e,676.7672303649032
0x344e,555.3124304153756
0x353e,609.0806418297708
0x329d,1022.1655189300604
0x1b00,736.8071975357152
0x443e,836.6028778287863
0xfbb,659.000865920394
0x3c8b,1141.1343887472963
0x19cf,889.8095783522036
0x10fe,1043.3914601587633
0x1d98,639.0628233288223
0x10f8,489.4135911667185
0x77f,1149.3058182956274
0x2e95,682.9782277486655
0x1b78,598.6274249414108
0x2593,733.9702229405625
0x3800,729.5543788987231
0x1de2,560.0101121408321
0x30d6,746.5554471535338
0x1745,751.6515209389526
0x4e2a,557.9336297528364
0x386e,797.2969954090893
0x4113,784.3030052916178
0x3469,749.7370403018618
0x7db,821.6978524882717
0x1e47,994.1278899729466
0x2115,724.2163142907502
0x22a4,703.1205597945857
0x37b0,450.5115521065204
0x746,633.3727996046965
0xd52,911.6031746602424
0xd7c,546.394845395641
0x466,674.5819731230215
0x15e1,1037.097217931915
0x1a4f,753.3565811601695
0x3060,948.5849161298299
0x4ef2,623.9094162155214
0x4194,555.5332989608727
0x4f91,806.4015890534499
0x4053,643.7421767902222
0x4258,612.0519385790775
0x4cdf,748.9001004542305
0xef1,898.8392287518346
0x4dd3,622.9080324768555
0x4640,896.9146629368323
0x46ca,633.9730117471009
0xaa9,704.694271098019
0x30cc,797.7556260016667
0x975,1201.150416791117
0x3984,595.581089583307
0x31e6,860.5203158283889
0x2013,846.1986627849826
0x3aad,694.7273977162027
0x328e,829.9846982032989
0x21da,879.7541983025125
0x3ec9,971.4271729285973
0x252d,763.591839387842
0x3ddb,1152.5952905152915
0xde2,641.1581843185246
0x4fdd,1041.5601340683374
0x427c,645.4612029833858
0x1e42,1036.1415436825455
0x41de,753.8146588482672
0x282d,718.1644937363127
0x346a,517.9089863549974
0x17fb,628.6975541603917
0x2b25,641.7060487817234
0x2edc,615.9456413525961
0x12f3,468.85727291399326
0x13b1,733.142547045251
0x4f60,665.3254598109883
0x31b7,657.4113334318811
0x3489,763.1405881029089
0x15ba,510.6686861819395
0x2346,908.1822944896717
0x1f57,907.844706772632
0x2da4,669.3696622059878
0x3cf1,885.4658477683156
0x3479,609.6875588611889
0x49af,509.7159907234281
0x310f,694.9302166531622
0x3935,726.0442068564007
0x4a1a,789.7733930958794
0x3a0c,870.8881732992483
0x3c06,936.0724299001793
0x1aab,933.4789924244753
0x4c43,571.9850938721897
0x3aef,524.713838401357
0x4bae,700.5637239577817
0x18b5,553.5140226891392
0x39ce,1094.2770934302434
0x3c7d,1049.2096648500265
0x50ba,1020.5758599760015
0x2c06,593.7492449265208
0x4ec9,748.128097203426
0x11d0,1052.995417365221
0x2a21,629.875113575341
0x13f0,855.7574989017522
0x9a8,650.3677003781202
0x24e3,638.5237526360196
0x1c1d,798.7528488977284
0x370b,878.5722185634593
0x4b61,635.7809878127995
0x291c,928.1971696729878
0x1768,1054.9581413322774
0x4cc6,762.4142727239406
0xdcb,1001.1210886432121
0x40dc,945.8334250256069
0x2d01,692.0309925279188
0x8da,782.9403886816831
0x2a2f,541.5073062099679
0x14f9,603.8256417829215
0x2c70,677.1302524419694
0x2016,840.2555558933734
0x51e2,675.1400269105977
0x1c98,826.6444528042279
0x4de,817.3306849755114
0x384b,653.583075697856
0x4c4,968.9903461432017
0x3824,818.2361877572781
0x4994,902.4104252778828
0x2b20,932.8919381255024
0x414f,505.85243046165294
0x32d0,567.4184832042876
0x1389,809.6557796001365
0x4e47,903.8025549652712
0x8f5,866.1141604458868
0xf88,848.5554404079846
0x29dd,1028.382002992114
0x4d16,722.0802192860018
0x45a4,540.2794875894754
0x340c,733.0598715624011
0x4a28,828.0326951975496
0x4503,703.1096191549975
0x2da1,713.9634942432772
0x151d,678.1748449418313
0x4054,1044.5415423925126
0x353b,788.453162482582
0x73c,815.4391207877916
0x1be0,841.1658062475406
0x209a,577.5116360315753
0x49e8,585.2866201609276
0x4bb7,708.507451701743
0x585,795.2309493634423
0x3527,792.0757822521815
0x4b54,1038.5628074870044
0x4aec,640.2405979839358
0x4f12,649.0120133459218
0x4a82,911.6021293793797
0xd63,857.7745972459148
0x4606,868.3692110165507
0x41b5,934.2360037739135
0x408b,614.8961129039963
0x1fd6,928.4778156261004
0x3661,653.5649652398017
0x1c1a,599.2527279777082
0x3275,841.7270051081422
0x1a2f,684.134051846114
0x3a7c,974.3914309141626
0x7a8,593.7600621405727
0x4d21,716.7232622433243
0x226f,983.313963724421
0x51d3,620.9102430873984
0x6d7,588.8051132388291
0x17f9,631.9089305769782
0x24ef,896.4771671967136
0x1fbf,506.91808494067953
0x5027,809.7006228790888
0x1652,642.0616882863708
0x964,806.9841675536373
0x43ab,944.9648808665319
0x113b,945.9507194975795
0x19de,530.471104155806
0x1d8b,674.2377284581994
0x21d3,919.1996925444953
0x4a4a,699.0609766744747
0x1e33,668.0442830993185
0x283d,871.4898266907902
0xdc6,1047.5903778196898
0x500f,989.7189695749672
0x397d,725.001695854261
0x3fe6,560.9736589641993
0x437a,863.5581727522921
0x2981,995.4920937764034
0xdc7,582.1109404542952
0x3cd3,972.153707469857
0x2e22,788.1929996549364
0x3e45,652.6534775641084
0x1237,909.7381628268998
0x3265,627.6897991336232
0x1a56,1021.496511045002
0x2757,659.8627910624617
0x11c8,756.7101743762917
0x1eb5,498.0336293984845
0x10ac,813.6034164856487
0x4ba6,803.2206133704174
0x5057,821.655710429989
0x730,900.1893324473383
0x1e88,1055.0184168105518
0x784,837.0939330877438
0x4dca,1173.4667866143652
0x1f78,986.3718706580652
0x2d08,744.5538132381737
0x1535,895.4099142742638
0x5ac,999.0683531424827
0x4d6a,993.1668065154786
0x2e54,1043.5460654249744
0x157a,684.3122131320649
0x235c,922.6422088588117
0xdd9,595.2798160473611
0x33b1,723.2757935816226
0x1180,687.1240811486854
0x602,1087.1489020681684
0x2219,529.5055497238154
0x3343,580.9426790115543
0x48be,1113.016652692368
0x4ccf,792.7233470732203
0x18f5,985.3024842087481
0x1017,896.8996201370173
0x318b,845.3760292379544
0x1cd7,808.3766918238226
0x3969,740.5448257368532
0x4627,535.1415070562289
0x35f4,949.6465385175301
0xdfe,1017.5686686923934
0x50e9,875.256673830885
0x376a,608.9433777629094
0x217e,639.3897122698705
0x3891,576.4336771719383
0x51af,992.5408432690627
0x1f7b,678.3416649312647
0x22cc,613.8088712043652
0x164e,434.5784095759601
0x3b51,581.3576919095865
0x3fad,528.1931472075228
0x2be5,972.7116127283496
0x4d4b,508.1484052907638
0x2330,674.9333682096839
0x2f99,750.8038000774112
0x16d2,909.7793842784298
0x469e,937.3689680962285
0x3d68,532.6440375657291
0x2338,790.5856138229761
0x2374,760.5912058013647
0x1416,594.2554459954497
0x50fd,763.7146987225364
0x82d,663.7449584251293
0x49f5,452.4391761273045
0x267e,1020.6885941301155
0x20dc,1025.9466542375183
0x4120,408.4077129809025
0x523,647.9307885982106
0x4516,983.6544686351164
0x35eb,1050.3999634281413
0x5086,788.7270003659736
0x955,638.8404344852953
0x3d21,1057.7906953438746
0x1abc,610.6896463543223
0x3794,656.7934923671243
0x35d9,880.944713224306
0x4beb,721.13061242783
0x31f4,768.341361437353
0x3642,718.8697807309858
0x3860,1077.2878842356108
0xe69,975.843221241813
0x4950,769.2811781697067
0x123e,649.8864454346904
0x136e,769.4389469278581
0x562,889.5854279616343
0x1469,571.7921092824266
0x124a,782.9529034948155
0x5d3,995.0938346193783
0x3c40,673.3598031671289
0x514e,748.0160643744937
0xfd7,789.6665356751463
0x21ca,729.9143693528366
0x840,677.1584494373823
0x373c,720.900806617443
0x1c7c,1063.5188342382007
0x785,710.968030515719
0x2348,960.6926693867543
0x4a96,713.5678672958597
0x3c8c,803.9622047954322
0x2763,534.6879427805821
0x1d5b,632.5008662793203
0x7e7,716.7701548356151
0x336a,533.88310245203
0x1587,562.3721109185602
0x2228,717.3171794326759
0x1a8a,1050.680244799749
0x34c6,899.9760049836619
0x485d,1029.6623836383094
0x4f7c,929.940444059494
0x4e98,834.8861325285181
0x461,526.6193880523049
0x1b7b,566.7443764799061
0x24b2,437.02355900824796
0x2c58,774.8987957701067
0x2b78,784.5070438697412
0x1106,813.3545136666137
0x2309,737.4517671521888
0x19c9,689.5674955266918
0x2f60,822.8209684937058
0x1415,792.6068601355378
0x3242,998.4390258662081
0x2cd1,677.6805204743854
0x2dd2,975.6193386914781
0x19df,982.7229587838395
0xc4d,583.2677820901606
0x3a16,1162.6510088915443
0x376e,761.4106215378303
0x13ee,766.2988641433518
0x4b2d,826.3759617013345
0x1dcf,601.6551349463845
0x30f5,785.6961315719043
0x846,996.1537968725505
0x131e,713.4582039626058
0x2479,623.7020688773127
0x49ce,724.7306982488161
0x25e5,608.6481699703718
0x1e51,981.5087126535866
0x4cff,572.2674376980423
0xdbf,669.4452285760123
0x137c,452.4410593160405
0xce5,713.0294120337079
0x4c6a,1013.9747603890817
0x1f08,547.9329058630713
0x19f0,895.2497968937796
0x3360,566.2962253393905
0xb54,545.8925641982755
0xe79,557.6046677932327
0x3c0f,810.3630790902023
0x4f23,721.0073006115522
0x1d39,744.7071317281083
0x1b32,811.4572977895793
0x1b85,872.5395958488625
0x766,940.8082158303542
0x7dc,1122.3975767969766
0x2e7d,557.0127490078521
0x1235,548.5121076613952
0x5b9,783.0304167792501
0x283e,746.1641441990814
0xaee,771.1981984993112
0x3bd9,503.623465743462
0x17e4,1135.1829790242964
0x1952,1025.632655356027
0x1f8d,674.2403978686746
0x2234,622.4046268780547
0x865,889.2379412639916
0x1793,907.3530570939071
0xdd6,885.6550016372405
0x28c3,1104.8811147614103
0x2247,992.9069323064813
0x4caa,492.7375770623779
0x358b,871.7976320068905
0x5122,700.3620074621587
0x4cad,573.7199524878515
0x2444,865.7072252690336
0x10c3,739.0444889549894
0x3e8f,1178.0842682425164
0x32a6,767.5507180729517
0x2511,849.2265207475366
0x2d81,556.296804696114
0x29fb,896.414467542721
0x44a1,900.4740304955329
0x292d,797.1025906746684
0x2b1f,692.1607924324574
0x1c22,813.3061264509818
0xb6f,724.8616194757467
0x4169,931.0556831025187
0x1b8e,742.1623936272227
0x14e4,909.1408980394032
0x1f6a,735.2405064942574
0xa7a,796.2057702361933
0x491c,585.9735987896166
0x3506,733.8506999366322
0xb59,847.8662823298082
0x2c7a,1040.7931891373196
0x1019,691.326621696898
0x2dcf,1084.2786241714534
0x4bee,789.7190751573819
0x3672,887.2839351143397
0x426e,975.8695553287492
0x1bc5,631.5901168438415
0x47b5,729.6060321810337
0x2dac,596.4218371784963
0x5202,1090.9725540988522
0x339f,863.3652478973312
0x22c9,1021.8466609741733
0x4dd9,935.6662120643416
0x90a,724.4463858376876
0x4e71,600.8527139621599
0x2b21,939.8062389897362
0xe04,682.8238462024839
0x321f,516.5933451809857
0x473a,747.4696277695072
0x29d1,503.3817392116803
0x4136,726.5130787336511
0x1766,946.9127441783867
0x2a75,822.7279741368641
0x79d,673.2312134628779
0x2c77,442.8907488688403
0x19a1,621.5300152956471
0x22a0,514.703201781508
0x4af7,1047.714900098625
0x335a,515.0351326477617
0x32f5,923.5610784780357
0x1304,628.5713338926058
0x1f31,747.8214018937209
0x1be3,546.5012496460732
0x1fa7,705.7397964764201
0x4187,589.0064943090929
0x3599,957.1259439140637
0x2e69,680.7337978726533
0x19d1,885.6256034853677
0x849,890.8681424446153
0x4e2d,606.3024761884052
0x40c6,640.3327281055385
0x3abc,651.6943043592192
0x29ad,804.7255464964442
0x1074,938.7313495710077
0x223b,703.0407727710173
0x4db0,620.0203934537955
0x359d,637.283438926011
0x3c33,818.3370795256017
0x210d,549.6990251030131
0x1676,1094.8347921430677
0x2749,797.9880556578097
0x1018,1032.66702800692
0x1868,451.56984904653285
0x3b2b,724.6941496946115
0x5061,948.891310652676
0x2d3f,701.9737136430392
0x4d92,1029.6920026252087
0x1bd3,1026.1377319437315
0x4f44,718.927203726889
0x75e,1309.896330736912
0x5116,690.7022841637656
0x1dc1,593.3204923121341
0x1239,639.7573638931435
0xc3a,820.9895317687559
0x4742,733.7948651654293
0x2de1,806.8033744840521
0xb42,704.7335146174512
0x14eb,609.91389831762
0x90d,687.7945788647841
0x1c21,705.7094855724831
0x279a,476.12663920093274
0xca6,856.8390797089721
0x2900,639.510939839415
0x1960,982.6366227823513
0x39a3,883.1337868844987
0x24ea,752.6998493756179
0x25db,763.676500434117
0x3c21,852.3527857650187
0x3725,780.904824607594
0x3ffa,1156.2995721630086
0x3881,1144.5166671089473
0x516d,953.0409536186027
0x3f40,839.4237908024147
0x4d73,878.6608956583068
0x51ff,648.919041017002
0x3e15,793.6765813595873
0x2aac,1000.3896556855728
0xd4f,867.1541991236804
0x1c8a,939.6193233710671
0x1ce4,898.7982482209286
0x2055,567.389747364826
0x2b9d,774.1566371111545
0x3ff9,567.7562331332882
0x4dbb,495.35451380976735
0x4d91,984.2450456843223
0x2955,835.9897069711157
0x1eb2,799.6288569184327
0x63b,626.7308497624772
0x4e23,834.2612384016797
0x4ea6,772.4265272043287
0x14fd,516.3929785235248
0x2694,805.0161970229067
0x45ea,559.3116838783025
0x2dec,637.3367333878417
0x42a0,1137.2917743723328
0x3125,546.8194629076263
0x3ebf,642.2430217904589
0x5004,656.7880756685723
0x1ba4,952.4652608142358
0x1b59,780.2390071016787
0x22f9,569.2845922012783
0xac4,886.8971214527946
0x11bc,742.5468239375383
0x4c1c,835.3055120168497
0x18f2,987.1950948012533
0x4e69,845.1540840836252
0x3393,548.1595853838618
0x169a,854.793775135447
0x39ee,984.130223973738
0x468e,643.1671784831112
0x2313,971.9078809351499
0x1ce7,718.7031408364134
0x3e29,967.7665112425451
0xc76,997.1178608899002
0x1484,726.4242339676687
0x453f,749.8189214861801
0x3719,490.0644038317935
0x23a5,690.8341852799614
0x3110,819.1974963565427
0x38f9,565.476334544878
0x50b9,937.5912979555559
0x2e58,1121.9922886282084
0x3a07,695.6856003213568
0x579,730.3478355990144
0x1e03,937.4586478972102
0x421d,762.7445944933648
0x1631,627.8003198156106
0x4a1d,719.1947096796996
0xfa0,791.438845822519
0x3f7,695.4678181423575
0x283c,658.264193954662
0x2ae0,784.7619793738221
0x3c52,774.0149095747182
0x3b45,541.9997527708967
0x141e,902.610523198735
0x1ca0,809.5192198721581
0x15b0,518.1541941950326
0x15c5,896.5259063405427
0x1912,684.71152386857
0x3653,613.3482782859095
0x51a5,799.2043345803969
0x2b1a,670.4786187207101
0x43f5,797.9221389461464
0x3dd7,986.7580730747045
0x20a2,600.1518563876664
0x16d1,861.607327940342
0xba0,542.1984520587969
0x2b52,792.8786633482805
0x136d,749.5281627559499
0x425b,512.996179318057
0x44b6,770.8775820357403
0x4868,710.6125047641158
0x2a34,476.5154067253584
0x33ba,759.4727446928833
0x4517,941.030531751891
0x1a5a,786.5905776090583
0x361b,657.0119536037867
0xd0c,531.336253850027
0x1206,708.15942243851
0xe19,818.6423989267871
0x3f04,677.4924371915287
0x37d1,746.1152952146304
0x1947,974.6687583049389
0x4449,856.6951123271984
0x4995,795.7966852790933
0x124d,782.8449499042133
0x41f0,911.1361083351416
0x12da,775.2431363923143
0x8b0,771.8246249399126
0xbb0,838.9647119900864
0x1678,718.10305872618
0xd29,968.6033063385694
0x1192,980.8186013358937
0x1c27,952.9681215421248
0x1c84,1102.681062105316
0x51b7,682.1847034476532
0x4c02,673.2942009883742
0x29c6,888.9664144696891
0x46f3,611.4511524439191
0x7aa,640.1372909076024
0x1a8c,787.9145742471949
0x4714,718.2396688068255
0x314a,605.6864520865001
0x446c,790.0364835427919
0x442a,722.354494772721
0x32e8,621.8673051470802
0x17a5,1178.110572521052
0x3f71,645.1189025792401
0x7d8,569.5691831141921
0x144f,892.5801850211166
0x1818,614.2088588988962
0x44b4,1045.6047185512075
0xde8,774.5480432576595
0xbac,584.9647529047528
0x25ba,1321.908720112395
0xa9b,564.811918635291
0x4987,955.1629928292264
0x3898,667.8523453455623
0x19b3,664.4423446174048
0x370f,856.8902738023558
0x1aec,577.15512589102
0x3855,1018.6178183364294
0x3fbb,816.3395652233847
0x36df,554.3352280486664
0x1b46,639.0879825016189
0x4ea0,952.7829090759536
0x3c7c,701.9437960169719
0x1791,732.8497443819173
0x461a,848.2997639002111
0x466b,697.8486429872579
0x4ac9,860.4873966715273
0xcbf,908.4254770038793
0x423f,564.5750422841779
0x394f,620.5046888839112
0x2670,684.3560848304908
0x4ba8,666.9285642705345
0x2712,577.1070647495492
0x169d,525.4575029035591
0xaad,613.7345350339735
0x3760,937.3772129252626
0x51ec,649.5441785945105
0x3c2a,711.2029879191786
0x25a1,1016.9337402302186
0x4383,547.3378115402709
0x2bbf,463.82220241650157
0x387d,684.8531551330874
0xe4b,713.9350607497848
0x326f,834.57129636904
0x10e8,496.78858182973573
0x1cad,861.5531832949612
0x490,957.8185767121536
0x3ea3,624.7229984753207
0x4f3e,867.008148866785
0xe51,718.2758158113744
0x767,977.2810068166003
0x2538,602.0619050612736
0x11d3,481.2925253511909
0x33b2,865.6929886421376
0x2eb2,684.627681381124
0x887,968.0350979915169
0x8ad,540.7209551611197
0x2c34,566.3479593634917
0x3a41,891.1943556394136
0x3978,479.7385964258392
0x67b,996.6452786208076
0x2d34,791.5678051975154
0xb5c,969.7845947469461
0x4396,731.7620994158494
0x85e,982.5266204255839
0x24d8,705.485478830634
0x13ab,692.4965871482323
0x2429,579.8943007660379
0x2390,905.4377087657309
0x5ab,836.4778822323194
0xdd7,621.7170032422744
0x2977,587.1089590970644
0x31dd,604.9302009866312
0x1d08,539.0773455320863
0x2991,580.1616747814783
0x3ac7,872.8519525035631
0x2602,833.3428635037536
0x3c25,820.1299013245215
0x424f,801.0758672015518
0x3767,736.2778544234272
0xcfa,788.605926842392
0x3929,631.5483246284193
0x4879,793.3314469423726
0x4799,531.7662756598947
0x325b,663.7655819310322
0x3434,866.8305090484838
0xe8f,599.5617476674986
0x4d5f,782.5033466110684
0x18f7,540.529896617274
0x4fbf,689.0974090081374
0x4a11,895.0312796479323
0x1422,754.8378290247507
0x507d,722.1746332591202
0x44e1,828.9639132969381
0x459d,907.739630289347
0x2fe3,678.9434071915913
0x38d1,507.897127655265
0x3ef6,867.6029818092327
0x1647,714.5741353314602
0x3cfa,877.4527221187813
0x41f6,936.3379961730036
0x28b4,710.307993965497
0x2fdd,866.8802893550788
0xcef,908.8297735915754
0x2e25,790.223753290241
0x24b5,997.4719993373999
0x4245,628.4719793719191
0x3cfe,1013.3902457326718
0xf72,525.8550816366056
0x26d0,769.0921115155687
0x8d6,590.2788590837555
0x3ba5,680.4194840873048
0xd3e,732.8013806993655
0x4aca,1114.3474641345977
0x6c1,1068.0177570544422
0x46c5,908.3136519529281
0x2bfb,929.3785580178464
0x3259,558.4334103859314
0x4cef,1080.7012802398956
0x4452,697.7711593465626
0xe14,597.3621169347036
0x346e,941.3027777052554
0x3612,885.8194538442173
0x4da5,769.6400641156508
0xe22,739.161702614797
0x3a4f,839.7115904717075
0x52f,538.4775876222528
0x2797,787.2021899835917
0x3c66,689.7689165158067
0x3453,631.4034980100429
0xc60,792.107018842454
0xcaf,706.3463422045123
0x2cfd,1132.980974981083
0x48fe,601.1751814623223
0x67c,919.6627283939082
0x1ae8,661.6471876406271
0x3f92,855.1360097929158
0x4fcc,745.5337498296432
0x4137,887.7812973811334
0x44aa,586.060221288398
0x5157,684.1074038894668
0xd2f,813.3895190331018
0x2a45,1076.2375918715818
0x2785,579.0900199290152
0x18a6,783.1274622479078
0x47e0,664.4362445281165
0x47c4,522.233662304903
0x35d0,966.5148295898283
0x24ec,477.1209000867915
0xace,692.9755157697044
0x2181,614.825241136512
0x168e,907.9519690552829
0x3371,913.4687149489638
0x747,958.5294955977953
0x3ab2,657.7238108960358
0x40b4,888.2279816007912
0x41be,1093.4647770480922
0x1fc8,999.7678946122561
0x33d6,488.2651730723318
0x4344,852.9133263672313
0x4251,450.2132784717748
0x541,388.7369162124009
0x263b,848.0011418030332
0x3997,559.5888076569419
0x41c2,891.0111417838629
0xc62,659.3997906824762
0xaae,843.4645741138239
0x714,854.5274014176968
0x5055,679.9266306188935
0x664,729.5570477674742
0x51ca,549.6290229079077
0x3d84,858.0629937496228
0x3173,845.689902439433
0x4e44,824.3934798410181
0x288e,586.4172342235524
0x4c91,824.1747670868743
0x2142,752.8753088807737
0x1c12,739.6506724122778
0x290a,777.9491940981143
0x45b5,814.1832570319482
0x4f2e,1007.2851199033804
0x2e10,819.6748025911509
0x4f0c,612.5685281463659
0x2733,885.1021994047773
0x1b6b,771.9081588208884
0x16df,530.3572724173989
0x17bc,784.4649224680145
0x248f,532.9220288590465
0x4e2b,862.1927276895134
0x4133,884.9059298916827
0x838,785.9241944509978
0x122f,766.7780282061769
0x4442,778.7190673734619
0x5ea,639.2497601167906
0x482,955.3483534041245
0x16b8,722.1359345681392
0xfc7,840.521545620146
0x175e,473.7215727649483
0x4998,1045.7500430620003
0x3d8e,964.0815505048056
0x41bc,647.5269234130482
0x340e,552.5632966329952
0x2708,786.9676349615801
0x48f4,614.0215245019597
0x4f01,1126.476767697723
0x3623,488.7604753023674
0x19d3,693.9352100019806
0x2224,682.0011067291435
0x4fd,765.6284924344708
0x3830,876.9392841296035
0x3ae6,711.6305831729375
0x31f0,616.5086210164748
0x4758,645.2331753098392
0x4ed0,799.2207674909117
0x49e4,567.7144905024226
0xbc4,728.1600014139372
0x647,890.445105913313
0xee6,707.1050799238568
0x4961,673.2697315786712
0x3901,1252.4535820114702
0x4edd,846.9230063093289
0x2db1,947.9488829386568
0x668,691.3450097457489
0x3efd,498.1007471588564
0x476b,872.924967982583
0x36b8,605.051494082496
0xb47,513.3904980054589
0x4015,844.5030417884556
0x3fd8,751.1141909900714
0x3594,851.1015237032228
0x21ed,827.2766872247937
0x1893,875.0154555307357
0x27c5,647.3041359724239
0x3e7f,534.2904776550711
0x2f4e,861.3933532343267
0x2d99,419.0303092756466
0x40d1,514.5231936045925
0x5196,856.8073535125836
0x5ff,560.7364467366813
0x3b88,933.8986098454313
0x2137,775.0127194377899
0x4a4f,822.7426790972419
0x3da0,640.9671136912804
0x3b0b,1021.5403290520934
0x4d9,1066.9186738446333
0x339c,404.3080583939096
0x1d12,1051.8187428139522
0x5127,861.8739089518227
0x2635,538.6661788719057
0x38c8,717.1360310418589
0x8e0,667.7312529817146
0x375b,810.4525663000964
0x33f6,988.5636904203002
0x3e7b,844.2497904624506
0x3a77,739.5611017078924
0x24aa,740.2718864312338
0x2f02,767.7346490205515
0x3287,769.6661830012911
0x2c60,670.399245972457
0x2d5c,651.8140502273797
0x194e,979.3510955727362
0x3e40,617.0376063465037
0x879,754.9430197699859
0xdb5,590.3417613028395
0x262f,1072.7149503314715
0x2f65,897.7033199173845
0x40c3,839.8885292001369
0x1ccf,478.35067061365555
0x2ac7,761.9948885487759
0xcf4,899.7728556700466
0x31dc,880.2160326759057
0x37df,1085.7208847888435
0x251a,813.4932890449417
0x1704,874.0076943842298
0x19bd,562.483568900395
0x4b4e,813.8791310275715
0x83c,786.1627531034726
0x3a72,719.6495262148211
0x18c9,712.1419835439365
0x85d,761.7428339118603
0x2197,1075.6249503675285
0x3b3d,899.9325904926387
0x168f,830.8703553570969
0x43f3,782.6906957883266
0x42dc,617.9774124599807
0x34e8,1023.7514391693678
0x20c9,1015.5097814392827
0x3354,894.5048955288784
0x4fd0,1108.6322646868841
0x4f2c,986.3939798326712
0x942,598.5756005386426
0x34c8,1090.081607441874
0x2a38,853.7082455781195
0xd51,691.9382648530831
0x447b,634.628428597137
0x3e6e,564.8822583991421
0x458e,562.9069819817719
0x2c04,1018.190228454352
0x2409,927.9500844858173
0x434f,762.6304067328003
0x460d,572.1916954652419
0x4c51,586.6722819456772
0x44c8,1038.3563031585263
0x4aeb,917.1351465708325
0x2e5a,601.749873089226
0x3db9,1013.1756989519433
0x11d9,582.2834106980591
0x24fc,903.6397653496794
0x3322,930.8534206544701
0x2f6e,976.6958436554884
0x731,698.285693965563
0xcc0,1076.2812994349977
0x3b80,786.4213662485064
0x1b02,654.2979340422935
0x44ef,635.7281858370542
0x587,434.9035402656494
0x35cd,767.5396212289772
0x1ae0,855.3169550711398
0xc2b,1045.175051451148
0x9a4,695.3049094931143
0x373d,704.3199629277813
0x3e9e,858.1141425253624
0x511d,648.5362843706896
0x4507,798.0181374538613
0x1345,462.3550388555364
0x1271,799.6676182069795
0x4f36,766.0542198674727
0x1c2d,1071.6136390137126
0x10b0,473.02687971921796
0x4a10,613.073058472385
0x166a,654.17269826874
0x4743,824.462686169805
0x4857,507.05999458262363
0x2545,574.5933081255351
0x30de,1107.6249164613632
0x3029,807.6152946571342
0x1544,961.9228331130802
0x2525,786.0386590335332
0x1650,518.4173377841751
0x2359,542.4987283751865
0x49f3,922.980139849088
0xd26,827.6112121910428
0x3d76,931.8102582778165
0x2cfc,586.7499069903091
0x4fb3,632.9227362816627
0x2111,976.7360139785566
0x28f7,721.2417126645706
0x10be,625.2493760292529
0x2321,638.4836692077884
0x2970,685.8227580439487
0x1aa0,723.5047581290198
0x4d18,545.8771613474825
0xfb5,730.069930425317
0x2986,603.6595525707083
0x979,572.8306424225815
0x3936,1257.3328472583773
0x4ee8,649.3190891171321
0x31d1,891.7865828299504
0x540,600.0462026000432
0xa4f,700.2433943509899
0x4a7b,894.063612965564
0x4549,525.841183289749
0x485f,828.1343898612588
0x28fa,791.7808972862267
0x4734,1059.1369704349815
0x4162,649.803106309905
0x29fd,684.7415578118394
0x2108,563.0723865154546
0x36e3,922.5936597972178
0x22e0,484.41250668123496
0x1344,723.0584504061342
0x72f,758.9445629942254
0x1fca,771.7206584340795
0x31ac,589.8128022493275
0xa3f,644.5451617175556
0x5028,794.248528995713
0x7a4,670.6701824645385
0x4e3f,525.3685790270158
0x2dab,590.9193637142814
0x1849,1031.9308797848798
0x176f,734.3335119809059
0xcb2,680.3853313993354
0x155a,636.6200995097325
0x3f68,626.6886031252478
0x48f5,732.0450359027585
0x2c53,482.2300796916518
0x4ff3,875.9529317057301
0x2e82,672.4395208067621
0x1bc2,561.0836590853137
0x4cc3,1040.6538256948186
0x8a7,1231.9238390757146
0x2543,643.4094090327341
0x213f,772.5735568579308
0x1375,643.5121548948074
0x3f6c,670.0888342721531
0x5133,819.9673495595357
0x5113,742.7114583159314
0x1894,563.2087699460694
0x4c62,771.7867106508897
0x30c6,1062.994783263934
0x1939,605.2030975204307
0x1749,1047.8517297486474
0x402f,957.5027155661521
0x439,766.2203708085444
0x22da,1024.6619240432778
0x437b,557.1339329518147
0x11a1,879.2888158925537
0x3d67,574.1926686660507
0xdc8,505.15182344919424
0x3b34,1129.1332097464135
0xc84,491.7887127347685
0x1be6,1082.4849779576919
0x2281,812.0252975717686
0x5d0,632.0798215787833
0x2996,632.0596305772252
0x29ee,999.3211511781617
0x111e,896.4051190925065
0x245c,864.5332139583077
0x4151,908.3619888069916
0x17e0,762.8057710053621
0x4dc4,721.134081505935
0x4064,905.7561870771478
0x4241,642.4445248525232
0x50bb,815.7178038698263
0x4a3a,481.85801958873805
0x1a6d,986.2834010691184
0x49b,562.3631415836603
0x34ac,643.7284507914131
0x30ae,878.2514758410352
0x8f3,642.6795217044577
0x2487,813.8043185580865
0x217a,761.7035745892966
0x378d,857.6368102411004
0x1a6b,716.2858431881591
0x17d8,849.6133203637344
0x497e,889.7623891105538
0x4161,594.7520568551605
0x5de,547.6706392631729
0xbfc,890.3787579859314
0x4eb1,688.1581334276492
0x70c,1020.1315671011738
0x3467,1039.4013147012304
0x12cd,629.1080209942097
0x14b2,964.708278853935
0x1ccd,1049.4352796013463
0x2074,909.4915041617688
0x7e5,914.8966249025663
0x170a,716.961164992098
0x4a7e,1095.485026699573
0x3535,879.6128310065537
0x30e8,692.6015783390573
0x503,796.466001273786
0x6a1,577.8913364030137
0xb98,844.8134187226245
0x505f,823.8662636884857
0x3c50,695.9769024065279
0x2349,655.161661611814
0xb6e,744.455047504851
0x3437,903.3059581616095
0x9c7,973.5139968399585
0x459b,722.4965181119828
0x4482,1028.8231863292663
0x3174,871.9646709432535
0x320d,731.7594199795752
0x1131,591.0027173107657
0x278d,776.7337128720482
0xa41,711.3607932080621
0x44a3,747.2023500465151
0x1747,685.5418830431574
0x1289,896.3265755281187
0x51dc,823.8418280952397
0x2449,842.5806480747639
0x5e6,703.7257809197239
0x6bc,602.1080712431058
0xe20,698.0379596446119
0x3c07,695.6174363803794
0x2650,771.8280952917335
0x25f3,781.4810283735443
0x3f3d,705.0847408398035
0x269d,515.233278608173
0x6d4,779.5596067832362
0x11f4,833.005315450329
0x4b4c,625.8878659319591
0x2109,579.4497039972792
0xb9b,720.5379793622654
0x1fe6,910.5929348323058
0x3d14,1022.1973917336164
0x25a2,1108.5820039553491
0x4ade,788.1268169969482
0x3d5a,938.0612187687777
0x41ee,739.0708576978286
0x1970,811.4906785237853
0x3c7a,984.6158745624123
0x4c3e,574.7663684696596
0x14af,1047.0815840154114
0x4bf0,527.8484178877704
0x21df,687.6227225732172
0x377f,952.1931344905254
0x2ccf,584.8556331099311
0x268e,635.2183191994059
0x4502,669.5789523356359
0x10b9,691.5024713668986
0x1a9c,600.5880490531507
0x253d,683.3944170939985
0x30ef,756.0297991308616
0x23fc,464.55607888510264
0x43f1,600.2677167256381
0x4e1c,949.5206882970838
0x44c0,1110.563764449262
0x41bf,545.8833160688985
0x173d,975.5702438075624
0x41d4,472.9151196821022
0x2c7c,549.7510369633467
0x30e6,587.7180892869487
0x476,553.1672720735804
0x1a96,975.5082033650988
0x4dbc,720.1908768058044
0x36eb,730.86997262254
0x442b,719.24568136481
0x1f88,615.1545195104574
0x4f7e,778.8685815674577
0x3422,933.531776156762
0x3981,631.2572508130296
0x3018,648.7893697521661
0x17af,446.1786728888049
0x822,780.217493548872
0x3c80,962.5739212941605
0x380d,1007.2578922867185
0x3529,1264.8995876341946
0x2cdb,521.5571569573361
0xd83,745.6593185035777
0x22c6,691.2567673689252
0x4354,844.4679268011531
0xef3,563.3683037982862
0x30dc,477.49911833846147
0x4140,779.7537848335365
0x4f3,675.3002830215296
0x1d9a,996.4270561808565
0x2d61,841.6475674285886
0x42d5,450.7679756739737
0x1d80,750.278922741415
0x40f2,951.9971663334984
0x2d21,440.70105722181205
0x4657,864.1041823856651
0x217d,656.535997666333
0x4990,934.2000284978606
0xa33,911.4321174341037
0x179e,713.8100394287975
0x3009,658.3580499029056
0x5062,803.9169936435601
0x2669,628.2365680202976
0x40c7,728.0130380769607
0x214c,651.4652397860011
0x1548,761.2754789714384
0x32f9,1132.2254511940314
0x2e97,561.4098065714963
0x214d,1067.6057606676611
0x257b,754.1821528603431
0x5014,753.8820019174034
0x4ee7,521.5280063872361
0x1bfc,1020.9392304454352
0x3714,624.1482648549323
0x2c82,824.2462438505877
0xc7e,913.2013841158915
0x2bf8,625.155976771717
0x2127,708.8560694250265
0x18e3,695.9983811440161
0x159b,570.1661723235318
0x138b,711.2493862223596
0xb7e,496.4345098011424
0x3a45,582.966377805305
0x15ea,1026.8920261874969
0x534,1080.2711299950774
0x14fa,825.2605948712861
0x50e1,887.5002634105209
0x4a0f,766.3147812703879
0x1a1e,1155.9437268781944
0x33af,838.7779619060456
0x36e9,1020.6327717866276
0x181f,871.0731572790473
0x2a50,897.704237896839
0x14da,792.0207902881702
0x1e4b,723.7688572265309
0x4dba,421.5419186028895
0x121d,839.6149972313652
0x40d3,786.5174781910007
0x3d2f,864.4883501283183
0x5bb,851.9863816948969
0x154f,551.2449651078269
0x18d5,832.3160633590221
0x2fa1,890.885557878843
0x3aa0,789.717773948383
0x243d,869.9811236016507
0x1f96,680.8893979679135
0x1973,442.3118284815485
0x2791,823.6795021770961
0x2cc0,541.0378378210927
0x13d3,545.6316823746328
0x5153,788.939581420916
0x44de,546.0140568817513
0x480e,858.6180390732503
0xa28,742.7131817386681
0x2f5d,856.8862444155394
0x58b,781.6985519553281
0x4b8d,745.0051200124393
0x13d5,634.7620061743369
0x26dc,952.5789997589998
0x329e,757.337289565727
0xa52,656.9703757216669
0x1012,688.0956983322263
0x4e32,920.5007693817214
0x2206,948.2177193300488
0x1af2,795.9086090946787
0x3292,616.5956997075052
0x393b,703.1708624782091
0x262c,779.7428415042594
0x4f4b,599.388203255704
0x50e5,557.9045944382354
0x2e9d,803.8610121798762
0x470c,1080.6192037153717
0x2fbb,681.9217963025104
0x4aab,1007.9456229288213
0x267c,806.4719431604292
0x3d0c,723.2909092755468
0x1aed,815.2969271597773
0xf69,920.0783492766521
0x3ae7,806.6829453266282
0x1d89,1134.4034566653158
0x4f26,546.3058840042805
0x1e3f,697.5816512045534
0x30aa,855.3304836736772
0xd2e,947.2927022507881
0x438f,923.2039384665919
0x3974,661.734631021223
0x2f9a,1196.5688664954573
0x1b84,871.1166322148052
0x500d,858.0510620894671
0x4b2e,1174.617062789639
0xc40,637.3937791196325
0xf9f,635.8351297697249
0xddf,874.5320632415412
0x12d9,831.8611609403589
0x3892,634.1574078331535
0x2a1a,575.1509278617993
0x19d7,521.1916027525856
0x4844,723.3746984122794
0x5c4,633.5667460672813
0x1e53,682.7387965325403
0x38a9,626.0960286947349
0x4f5f,501.77037848351284
0x349e,953.4983132567006
0x3486,710.6122347879497
0x4c0e,1201.835672202057
0x1c3e,1217.3888137370704
0x1ae3,1012.7653876951956
0x3a6e,804.7108557261503
0x1cdb,811.0676383956023
0x3167,804.4805419961182
0x228a,681.2364244024297
0x31c3,465.3606642993076
0x49fa,817.2678040187888
0x3a0b,1021.6374065624289
0x42ac,675.1524696523128
0x49df,601.6827855842862
0x32d2,728.0524532463533
0x369c,732.160767976522
0x4e92,1014.857833381322
0x3051,899.2884628186441
0xb7f,947.6030569739587
0x30cb,765.3414792021453
0x2cae,797.8868558842073
0x270d,455.3787337064579
0x332e,905.8886257927079
0x1ed3,945.5424045318284
0x347a,1175.275107410772
0x19db,950.188211730166
0x4299,534.6650820830126
0x4b6f,641.1655608237367
0x4a49,807.930774422764
0x3736,1160.060500224226
0x1586,818.607068718863
0x4d46,598.5317488736207
0x2e03,904.2538089069681
0x13dd,716.7734263923061
0x1764,896.7033160985931
0x2f1f,1101.5483468780014
0x3daf,821.0093610340775
0x3eb1,787.4338055966944
0x48b,528.7920472027172
0x4732,575.8348368610187
0x4533,1071.9322833919314
0x2969,828.8216383831024
0x1b1c,578.5182482831427
0x3ff,897.9852691906647
0x2cfb,975.2499258397261
0x5199,810.4815876500663
0x1812,676.8160416274677
0x6a6,839.1336053123786
0xa3e,774.199003560817
0x21a8,742.2995410345256
0x1ffb,723.6800569005972
0x196b,1105.9291564509897
0x4548,533.411258026822
0x1f83,851.296233621668
0x2549,734.6563866068054
0x3609,776.4859152854215
0x15cd,1140.9523413553227
0x2765,645.4629027071113
0x3224,543.8079569899836
0x3317,901.3233011726563
0xcc8,684.9273171652015
0xb64,710.8275193362015
0x465a,844.3128479118238
0x2483,685.138704707649
0x17f4,669.6740879691816
0x5e5,1037.1874255381272
0x3c1e,502.3858563997563
0x4d75,1053.5104923229005
0x4a64,972.4818183921736
0x2736,1009.6145827456463
0x1e46,536.471160167737
0x4534,1067.6602964243189
0x338a,942.598746204373
0x1717,811.4508635335635
0x2f37,630.4852676028228
0x3a35,650.8256231792539
0x118e,606.0781081957865
0xe86,663.4443395023949
0x6f4,926.2979863276299
0x2135,497.69711949374323
0x3ee0,909.2426989689429
0x3806,725.0883605792549
0x4046,657.4202893567242
0x2f21,567.9942852057759
0x1dc3,992.738763819219
0x1bb1,627.3170373286719
0x2af8,588.1387967033405
0x1bdb,961.5066512942575
0x221e,950.5923197852845
0x3293,1072.7872054037387
0x2693,1133.0153217318757
0x3802,474.4702012058559
0x447f,938.9347383003336
0x4706,921.0560401046735
0x31d5,979.2582443163664
0x15ed,723.8789777478979
0xf6a,699.8361562524079
0x21e0,983.8390815953343
0x42ad,816.8019184334244
0x2858,1014.1645865812523
0x3cce,766.2132722481487
0x1737,891.7160871762516
0x4d2f,915.8962043482708
0x322d,549.6462559374311
0x23c6,608.8585272008602
0x259a,1240.9051024906614
0x32bc,927.8086622152574
0x46d0,713.2547143893935
0x4bd3,1019.2497191812355
0x4e29,546.8507072013085
0x2271,892.9850326435488
0x1411,1033.8693124492606
0x4dce,677.7965981267747
0x4e35,787.366659130674
0x11c3,939.6903956721148
0x3f42,874.9716546481635
0x2701,651.0707596929808
0x2468,838.2390601580239
0x46e2,883.5536735130851
0x1da6,991.5709925570171
0x234c,736.8459347194474
0x4db4,743.8714618650583
0x2b98,685.1732610880383
0x4748,896.8639605012974
0x14b9,528.4225777611086
0x3f66,745.4748884576239
0x31ed,912.5948851981041
0x2003,556.8301385364172
0x56f,893.9610948388421
0x21fd,905.7398552733569
0x3890,742.448774332507
0x3e09,810.1137523433455
0x23a4,908.64702280234
0x46f,632.326328487807
0x3975,919.1298828346887
0x3b8c,664.5189082219732
0x2242,614.9973049046215
0x59d,443.6995819998135
0x206f,477.2841233133362
0xcb9,710.6249147624746
0xc0e,652.9151410343358
0x1ee6,647.7316988584736
0x36ee,764.0080922649229
0x4745,871.6687848062854
0x23bc,628.0191696826676
0x3274,503.54583021563997
0x50e8,807.0289386018842
0x4804,595.8960430404696
0x91c,395.7569805039088
0x445e,838.2050209058492
0x4a24,964.8042464558129
0x146d,655.3617467491448
0x1bff,670.2948008437085
0x4202,893.1470013459721
0x98c,668.8760843504131
0x23ed,678.5664249093065
0x913,849.4133110780373
0x2491,740.2854926493084
0x29e4,604.3335108643229
0x214e,818.3133299759692
0x48cc,1006.0030090264286
0x551,796.8832988545638
0x20be,584.6849976426744
0x2023,751.1244895883196
0x27df,786.4633932585886
0xcc2,539.255299564644
0x4568,578.548007755314
0x3c38,944.6751137847134
0x386c,846.0046934404255
0x49cf,847.1820926576034
0x2ab8,688.8265130964352
0x1212,563.4309950912773
0x2212,1100.9566508150585
0x6c9,987.7238765830771
0x1ed4,1060.0290281333434
0x2a76,1037.2795580441643
0x37ca,836.769824181504
0x15b2,898.6861470208901
0x4a1f,682.0787927944268
0x3bf6,673.1465301376355
0x2446,868.0819392866139
0x1f4b,856.9414281746654
0x2df0,831.9879457729716
0x38bd,663.8206126750058
0x4ad1,596.9093773631405
0xece,426.75601722921294
0x4860,718.9880387560856
0x3538,971.2459889765928
0x3c8e,801.2256092493797
0x34e7,759.4923651481012
0x3875,1111.6866297691013
0x355c,535.9126572898764
0x6d6,685.2482224383011
0x3248,845.0528831345624
0x324e,689.9889940520117
0xdcf,767.4224472473693
0x4359,507.08057323223574
0x211b,513.0845380367596
0x4725,462.6324321816584
0x3005,852.7927221895943
0x2b27,524.6844484347737
0x85f,908.3532722935622
0x11cb,782.6507223348984
0x407c,524.9515659233265
0x42bf,748.7340402996857
0x391b,844.09246936595
0x3e39,754.5830402018597
0x35d4,1065.8086803180122
0x978,547.4635609721606
0x2b8e,824.7435927028116
0x3b00,715.4206182260349
0x10c5,900.7942692344944
0xcac,887.4754901638158
0x4594,878.9430388517962
0x29ae,437.9335076812164
0x1ac4,538.7816704271405
0x2d3b,1006.5312479979053
0x1af9,1037.6612580794992
0x2073,696.6776454524309
0x1114,916.0913195379821
0x62a,738.4437117644766
0x48bc,436.10877738216186
0x9c4,467.3191914380357
0x4bcc,806.956181999031
0x507a,831.2307448328736
0x260d,676.9733107383162
0x782,931.7733752370349
0x479f,755.365818266386
0x4668,770.8821468846184
0x4062,676.0799378768587
0x2191,934.9025682339244
0x18c6,559.0166648122939
0x40ee,716.0985208152426
0x3f86,586.1931719040144
0x3327,652.5134164987721
0x1c43,683.1993124872388
0x2fee,558.6556258319706
0x2357,674.6580396076655
0x4dd5,798.9789155873921
0x389b,1256.8609712703799
0x50c4,849.4703075504325
0x265c,868.8344690673346
0x15ab,528.8581638673948
0x1f80,743.6984350766184
0x3f2f,640.5064699893722
0x400a,991.0586061146932
0x4c7,817.9871570544113
0x2f32,959.2170674765953
0x50e3,834.692326249864
0x63d,767.5683223032845
0x1a4a,855.7000181086988
0x4b89,621.5998237923059
0x332a,743.8939372465376
0x345a,888.9588916319424
0x1ca7,688.3378739765459
0x2c28,578.0713615666062
0x3058,559.7840684954734
0x41c0,866.0424695426533
0x335d,792.7334333983739
0x20f8,581.0871255491901
0x2739,678.2497668479283
0x33a8,782.0811614001906
0x15a0,682.7800067602712
0x1e16,702.0184648622622
0x2ea6,681.5119929997542
0x3f2e,959.0136292904037
0xa59,647.7588004950602
0x48d2,700.1456426757514
0x3710,438.90682081041854
0x1f09,1001.623536550884
0x4ef,919.976471253027
0x301f,564.7681301533688
0x3ed3,506.40730435526945
0x4d4d,691.2508617534411
0x4d7c,868.3590730043053
0x1f59,725.3425412440984
0x530,821.5690211213279
0x11f7,849.9717932593879
0x1f32,666.955155483573
0x4bd,474.63266054861646
0x4e5a,514.757796803289
0x29a1,941.3230668694371
0x2076,617.3129463332172
0x4c3a,571.1214645916419
0x510e,824.1134988834593
0x1c4e,1039.4234994695287
0x3b8f,552.3099005253841
0x226d,682.6393961321787
0xa14,917.9958878439038
0x34cd,797.3201717806614
0x5b5,1026.043258376701
0x4770,731.5714890577898
0x1d47,744.9628704022115
0x49c9,547.378727248507
0x4e67,895.095648165148
0xaf3,1032.3468887457157
0x2e08,1107.6260903302175
0x4680,865.1417540729626
0x4083,776.5352338852623
0x2cb5,532.4963697175878
0x4219,1029.5197014703663
0x48f1,879.2437561784755
0x517b,946.0240194173822
0x514c,586.3786511970729
0x2b6a,794.3305592419745
0x38cb,826.000357224717
0x3ceb,871.5992871620139
0x51ce,887.4772436738391
0x4ea9,1035.6038181587055
0x12fc,747.3200183541155
0x46af,754.5054940305553
0x2c03,796.9491832452667
0x73d,661.3979237076171
0x29f3,627.3091293165567
0x2381,897.2086680081959
0x42ef,604.507588793803
0x1fad,679.5856772634645
0x39ae,1162.879850153342
0x379e,958.3816371776636
0x5fa,1045.3189805340573
0x3b8b,544.7618550491213
0x3ce1,857.9590995696188
0x5093,756.3262297720084
0x302b,1003.7844923837629
0x524,778.2686090149099
0x446b,553.7088659997785
0x2bec,974.399287036522
0x77d,986.7292890877462
0xd76,746.9163040048647
0x4cf,530.8330615491919
0x1058,764.6000093035431
0x25e4,1281.0021459147774
0x2428,684.6607898421482
0x3439,612.6963365763264
0x2210,924.9125330268298
0x47ed,701.2789465829696
0x2269,636.2709728594178
0xf2b,903.8162278241588
0x1204,704.3676628422095
0x4306,543.8978596478036
0x245a,989.6860336434711
0x1a6e,829.4483762499534
0x2add,652.6013780665114
0xbd7,890.4913891861836
0x1449,614.2706282459204
0x2086,816.3925946008525
0x9ee,1019.5366166034896
0x1e35,831.4057056432235
0x434a,662.1802938303784
0x24fe,765.2540569201943
0x5179,928.560812127959
0xc75,819.7524922856262
0x134b,594.7258204584502
0x2a55,1116.1695110542878
0x3c6f,678.271903511312
0x4262,681.7828060752363
0x1522,646.3433023838522
0x395f,562.2540901406389
0x2325,861.1822768707295
0x2ec2,971.9142389918258
0x28aa,830.2807692366874
0x2024,667.8082360202208
0x3048,472.7904867381519
0x2f5a,985.0532977847362
0x2daf,687.0695588727048
0x1746,593.5949454405433
0xef9,734.8773161191565
0x4a5e,569.0951902071782
0x2f98,392.1909039015301
0x391a,593.5319073616095
0x19b0,635.2699047637551
0x4ff7,675.7005533736645
0x1711,714.2213235673904
0x1275,456.92451355322817
0x34ae,1231.5068651958345
0x42f,564.6276934479649
0x19ec,908.4710360473387
0x4167,928.5398769098888
0x32d7,789.1952348114517
0x2673,811.4556790054185
0x423c,733.7680168071149
0x4365,617.7563176505447
0x263c,977.6786383707071
0x3585,505.9313052025179
0x4f75,766.8179748881983
0x4150,1172.8192215405827
0x1dc8,652.0231971271362
0x1d42,655.8962839585843
0x19e2,783.5616052308933
0xd8d,710.914219599065
0x4e4d,728.420129747197
0x2558,842.0604611579548
0x4022,805.2308161880959
0xbe1,806.1002245360525
0x3c4b,611.3288000697796
0x4aa,576.6129212908401
0x3bad,709.1517732692886
0x3a1e,858.1220280988344
0x3aaf,582.4847939185895
0xb89,1012.4763584934119
0x27d6,885.8675652150805
0x2565,637.4091065648487
0x458f,840.9937090431848
0x2d63,866.9906623658851
0x2a30,765.5736998242996
0x3a47,876.667540021827
0x31ff,999.7059776892277
0x1004,983.877248538961
0x4be3,830.8000266556885
0x21be,791.5780791750575
0x4a60,856.5812266983028
0x2851,1281.1110906051952
0x2007,695.188269262697
0x5102,951.3551901653102
0x1b25,786.673047274393
0x108c,808.551779817357
0x23d5,787.7525926461686
0x1c31,907.1676067059395
0x1914,935.2822230006748
0x1aaa,1156.261772105654
0xccf,663.966039820903
0x2be6,744.5752714239796
0x4efa,626.4023986192957
0x2616,815.0441127238239
0xdda,608.6706305796656
0x3c5c,959.4450637211373
0x4326,715.1201492659478
0x4421,704.7678868942244
0x3d4b,595.5737221357545
0x1e2a,1352.8953611773961
0x3ecc,780.9958914102745
0x4b0c,1069.2971790374177
0x43fd,589.3127978091742
0x4677,739.9332279744389
0x50ae,865.3407899673855
0x32bb,795.0745325215497
0x2df6,626.4696849195216
0x16c6,573.9072515354601
0x35ec,614.587063588294
0x699,758.8732366810889
0x3874,779.2344352967901
0x4d1c,464.58101268452776
0x263f,911.8300796690828
0x4a5a,621.3177724234147
0x31cf,695.939672687769
0x1559,990.3278711193337
0x1393,912.890279249347
0x2e8f,628.7521096267894
0xfd6,962.7410905110928
0x34d2,982.2245180587471
0x132f,768.4944182145891
0x1294,680.1003090555005
0x2ab4,555.7964674321638
0x302c,652.5571536200248
0x172d,965.1352852074489
0x3373,667.4385321980905
0x2cb3,887.6142264414088
0x876,819.1593290481206
0x3fed,714.3489265829351
0x43ca,694.6675754736984
0x3102,682.5518444552725
0x3f3c,1031.2990349864067
0x4aea,851.3831342865848
0xb41,944.1587034922278
0x450f,1013.4843655097452
0x48a2,1010.256605839303
0x3fda,975.9168540311541
0xa8d,823.099164421699
0x33d0,836.629028754415
0x621,803.2870349341789
0x1c41,644.15662089837
0x1596,713.5454343653505
0x4063,931.1689550400657
0x4a91,619.7189670424096
0x2552,507.03699304996184
0x38b0,631.6585612388908
0x29a9,961.8069289427015
0x3775,831.9796496004682
0x3457,684.729631695595
0x1e7b,722.73373521975
0x49a8,647.5493188296658
0x4343,736.0401736909813
0x261d,1003.7679112257583
0x355b,673.3624778340521
0x1e3a,970.0306767070327
0x4291,880.7411140437772
0x8e2,597.6932307630146
0x38bb,863.5273756533506
0xdc5,1094.0883524549783
0x3a8d,751.6272931710188
0x107f,612.2933074016854
0x32cd,769.6398859376711
0x490f,443.2528400524622
0x2ba4,884.2948903058585
0x25bf,756.8900172712275
0x175a,1098.7244179536253
0xa8b,858.2957308736414
0x895,657.3387973325745
0x4782,800.1351156917915
0x4cb1,638.6046004770984
0x48f9,943.4290024891206
0x3b4e,939.1767979630628
0x3de5,461.2653991972167
0x2bb4,654.8503166832987
0x46b0,487.6941322280778
0x38d6,707.4223800688583
0x1c82,501.6339023143153
0x2e1c,407.43746524100874
0x50ca,856.1280074922284
0x334a,652.1240090383748
0x12f7,766.0274174813566
0x1178,1005.2276158885666
0x19a6,1175.1284183150483
0xf3c,860.0977277585569
0x2bdf,873.9650252058497
0x3c2e,785.9482361280122
0x4387,539.3512187801654
0x1753,522.0002653978655
0x2340,433.6792756191144
0x22af,641.3165322733263
0xe52,902.9573705494863
0x1faa,846.9262678568704
0x3b59,688.0297749070498
0x2967,920.3765676783481
0x1cc9,958.4792503095182
0x1265,1152.6718788716369
0xef8,744.4671452242236
0x15c6,1140.171169939242
0x8f0,575.8115530838496
0xb20,904.233953612473
0x3c4c,791.4955718181996
0x2488,605.0759087297793
0x2ef8,875.0743633369088
0x448b,933.4877517331424
0xa5c,863.7157760393546
0x23b4,621.9428006148131
0x3dd2,484.42815718185176
0x1d6e,765.724076548393
0x161b,998.4082183670415
0x2776,658.7542679579041
0x376f,983.4197442524057
0x61c,920.6207515388525
0x3f9,934.9314945503517
0xa74,876.0966319163409
0x20d9,963.1981135254813
0x313a,908.9756021863278
0x2513,1003.1586985192598
0x727,722.3624383067804
0xab3,801.1375428552659
0x4767,520.969885529927
0x4aa3,994.7997890815296
0x3363,568.1161930304543
0x4e46,735.5388391372862
0x32e6,832.4816868171457
0x2fd6,732.540577944055
0x1c69,691.5297748120348
0x2171,1037.6717854040396
0x5fe,619.0688007428046
0x2ffd,702.1571007839759
0x196c,969.8109514299042
0x4acf,597.2270501330797
0x4256,880.5015907806059
0x3c81,896.9025606237196
0x1d1d,472.1908775611243
0x10e7,775.0253456661453
0x5f9,882.881833698046
0x335e,995.1769595579932
0x2fdc,720.8919708499483
0x5126,750.8933597081889
0x439d,994.4649679308799
0x4c1b,786.9781165239323
0x44b1,691.9871725924072
0x38dd,886.5109042362797
0x318e,443.84722950523803
0x1c55,746.9645496749297
0x1023,788.6054529663386
0x38e1,684.2892056634113
0x4e38,516.3158297229127
0x4f5b,663.8993373907815
0x38f2,741.9632884239509
0x2f41,704.6014315775553
0x43a5,1093.7836442192372
0x2e5b,917.9285302331173
0x4c9f,936.9184569589208
0x50d1,583.6695442670477
0x31be,556.6209063528084
0xa49,742.4941714385608
0xdf3,911.7252258737699
0x6a4,683.0833827822825
0x4c4c,568.9061812325111
0x206a,802.4666817539711
0x595,732.6147708306202
0x61e,685.1999224454853
0x2aa7,568.9355113340224
0x1247,702.6884443558466
0x1bb7,646.5382265462192
0x1867,810.3171351449162
0x39d2,638.0442147567463
0x4fba,884.3998103737232
0x2f90,998.3887524228023
0x1a0a,744.5036407562504
0x188e,651.0585738875989
0x1c30,897.9196297333463
0x3318,530.7439705002084
0x2eb5,1102.5318163751947
0x3bcc,851.8058170623809
0x2b9a,972.3145689143487
0x405e,889.317696584956
0x2a62,622.8582161910922
0x529,726.1953199981339
0x1d55,780.2599938994421
0x3cab,710.7818066534766
0x2d19,794.575223871765
0x1ddb,535.9081047585502
0x2329,959.0329159668354
0x3ca4,965.669774435412
0xd75,788.3977199294924
0x1ec3,450.2415756764784
0x17cc,1040.7965459379104
0x2353,607.2295304575711
0x65c,556.410397152653
0x4a75,604.9210922278405
0x4494,887.1220949864041
0x4916,811.590672722579
0x150b,775.9416605644985
0x1f19,965.1898646512855
0x355d,785.1664939777294
0xe15,858.1313841320223
0x3344,576.6845168708462
0x4d0b,850.7681128277561
0x4934,549.9801043661861
0x385d,621.2367797367694
0x51b,606.4014385995497
0x160a,957.9561993356131
0x36b7,1063.2154342683546
0x3f8d,758.9772794008542
0x46fd,1059.002889276044
0x40d7,548.0579946587436
0x2e81,975.0023201557822
0x3712,924.8121890246039
0x1bba,736.6126130622742
0x4a6f,689.7394467261224
0x3727,1304.0571227064993
0x8fd,689.7040794860977
0x2306,568.5957676911974
0x3fa9,633.006507881128
0x2ba2,449.70671374459033
0x3bdc,795.9091908877731
0x4bfd,612.0421729033804
0x3572,778.7230299226585
0x2f49,517.3855185410941
0x95c,1118.2689077244052
0x3b82,927.0527848858793
0x1e89,484.31276555333216
0x503b,991.4241061821564
0x4147,663.9613639499488
0x2532,830.3553767257913
0x32ea,1026.6846640346969
0x5c6,717.7211862110493
0x3e44,961.8938625141884
0x1b3b,875.8520272371311
0x762,692.002472953576
0x6dd,778.4163149998559
0xdf1,735.5498580623662
0x39c2,750.8027100812237
0x1e1d,925.2260707810375
0x79c,839.6627586142521
0x1b8d,914.2340731206405
0x12ac,545.0454342989115
0x2d6b,660.2252730573132
0x44ce,832.0598930542437
0x4556,942.5901781617083
0x13ff,725.6612312491033
0x27d8,856.1150288298658
0x1530,685.5663956280505
0x51bd,833.3502182895086
0x1f4f,595.2545896493694
0x3dbd,664.388315940201
0x926,597.1715172680272
0x2e11,718.6295407941863
0x2203,1042.253030484897
0x4270,844.7124025800236
0x46a,748.082094973422
0x29cb,568.8795095050298
0x34b0,573.6491558140946
0x35b6,807.7878362617253
0x154e,857.2898327348262
0x7ed,690.421457427282
0x4590,1098.3805558877666
0xe7c,749.1994510877814
0x243b,1078.5001887093226
0x2040,660.9495482342768
0x2391,810.4180872770097
0x85a,662.3224776605381
0x4e3e,772.0308676049377
0x32c1,696.3284489349162
0x175b,791.960609758068
0x1ec1,911.112234028684
0x21b1,743.1080732405242
0xe8b,694.6942024478916
0x329a,888.8319995193142
0x345d,582.6624584408992
0x300d,808.3128849363194
0x2b49,815.2746235722057
0xab2,758.8877192986322
0x28c6,793.7436629817819
0x2a5c,785.4578513686961
0x4229,952.3963798744082
0x30c0,888.0909823778358
0x303a,967.755748534486
0x3e10,726.1109471906228
0x2b05,893.9976346564002
0x33e7,743.4474587265147
0x33f7,845.6100457423732
0x2787,852.2381531941385
0x50d3,771.8296088775252
0x4fcd,796.5846488706043
0x620,660.7648112942983
0x3bb8,905.4878235543403
0x4946,901.0646927695146
0xfbc,788.6744879670639
0x3c2c,867.829435280057
0x8df,492.53171329718054
0x57a,615.2500206159245
0x31b8,769.840211204989
0x2c0f,445.1895470739924
0x1f6f,540.309362069617
0x5108,899.4659698707369
0x2b7a,712.3346873077908
0x1272,996.8602830946613
0x4f90,639.7258641183147
0x3d75,837.7235842771007
0x3d8d,645.1529869329398
0x2726,611.9949455039513
0x516e,849.8372714881173
0x73e,569.0167900093876
0x32ee,888.0211043699812
0x1463,719.02827549639
0x2f4a,960.0508463396218
0x37ea,621.744897283312
0x3b69,816.6374228570281
0x91d,575.6023551115334
0x37fe,898.9617575218689
0x2911,724.1774387845943
0x2db8,476.9192615752219
0x210f,755.6881827040587
0x1971,598.060672457505
0x22c0,714.3904850273332
0x1572,1219.8063882287058
0x80b,821.6988983341907
0x999,1256.3528215783153
0xe6e,481.6354024724455
0x1c6e,613.066442546297
0x2d3d,994.6639888080423
0xb9c,445.85660286664574
0x3be8,666.0385960205365
0x35ea,995.1793670701336
0x11db,873.9838224376808
0x19b6,848.1120704852168
0x2199,535.264476409584
0x2470,495.8076205397815
0x1770,749.8556081949736
0x13ac,896.6131986616773
0xd3d,778.7421301036214
0x233c,789.5223921748458
0x1369,1059.5245646854742
0x3299,996.128675807639
0x4cc9,585.6012933874673
0x4dfe,1106.8570871514437
0x1231,933.8976285390503
0x3bb4,889.3714577424842
0x4676,547.9241685065286
0x2d78,795.5595172796562
0x15b6,835.5942179351208
0x1d1a,519.23954443957
0x1714,970.1338095240732
0x3c85,921.4511232287201
0x14a2,879.7760117616598
0x2d83,469.62255558486953
0x21f5,745.5615844609194
0x374b,575.7578369132464
0x1cd6,718.4203456205945
0x2b7d,1216.3519860154584
0x5174,1103.6273484841718
0x2da7,476.2585970517058
0x38b6,780.354730280244
0x4609,819.9586019107373
0x4c66,878.2316235670368
0x3187,658.0237885845326
0x4b5f,837.4615593323172
0x335b,973.9014481329368
0x24e8,887.6566038526836
0x2205,741.5576514512121
0x4ab8,674.6528191493594
0x4066,804.5483566084902
0x67d,924.3670280343551
0x3223,898.7190208066885
0x364e,668.6052613621912
0x2eb9,747.6613508338804
0x494f,803.7633553983421
0x3f9f,684.5671593773454
0x1ccc,952.5753024094304
0x34a6,888.0831016119971
0x1b15,737.2656055855568
0x1a16,723.8165706385664
0x5e9,701.2128536059149
0x2077,876.9218360933096
0x27be,680.98777142041
0xa01,963.2331458680684
0x4497,741.4550801455822
0x2713,633.2197827035133
0x88d,577.1491745535402
0x834,554.4426601092033
0x116e,506.15432568088573
0x2166,1255.681045484102
0x292f,758.8432053442224
0x4010,678.0816940224424
0x4bba,976.3731594280978
0x1df4,737.1333859135032
0x43d0,723.0901578874842
0x94a,734.1231897183058
0x43ce,871.0839119247547
0x3fa8,344.8156155892824
0x3af6,659.5969530484583
0x2cb2,642.8408273626003
0x4947,623.004628966632
0x141d,552.4144583312942
0x40db,844.9453659085
0x367e,704.7099616849304
0x7d4,536.0171038805182
0x3257,939.9166705151239
0x1680,1017.0243195116342
0x1299,1032.2243808231706
0x4560,782.6844128498515
0x1df6,415.0780165649955
0x2bd0,918.7199465479134
0x504b,792.6526144691795
0x238e,752.7257330039837
0x34d1,930.8542871350605
0x1ca3,730.6069788963067
0x1627,898.2185532809982
0x420e,798.3830686763455
0x33e8,933.4616820803268
0x45aa,772.1790357908114
0x4ee0,901.413908850316
0x1a17,930.1620704942217
0x3510,1036.249939438232
0x24b4,766.2176554322463
0x1feb,951.8050862779276
0x1661,473.8726161315498
0x51b6,872.3991437746434
0xfa5,694.9816904396016
0xb5f,729.129738299784
0x196d,914.6705540473245
0x1b0a,1010.8353774571841
0x2294,909.6505464611279
0x9d8,709.9132602171214
0x49a6,626.0765811354958
0x336f,622.8754937775379
0x40ba,1179.1871945931475
0x1a00,543.4665236754101
0x32d3,901.4001248019434
0x71a,555.1332585997461
0x31bf,621.192163618044
0x3d18,1304.7899625269902
0x386b,626.944671349378
0x4c8d,585.4901457423929
0x2b53,872.1801985010903
0xcc1,615.5344673897206
0x40b3,522.802582259636
0x50d7,1047.1189022078122
0x11fc,695.6428999224253
0x38aa,1056.2064744277145
0xb06,916.9644223591132
0x1c58,854.5776585627513
0x3a80,995.4674846561625
0xbbb,490.46471017002796
0x3f97,1039.2004260964097
0xe6d,591.9429806091335
0xac8,644.2030835243879
0xbc6,972.9443454314442
0x4a40,813.2581521818224
0x2a3d,998.77814687752
0x42cb,692.9904182797957
0x358e,532.51361941473
0x2a49,724.1649030608121
0x399d,761.9028558723561
0x77a,1000.6387835274015
0x1b43,751.1566321612919
0x33e4,960.4884088737617
0x4589,902.3551989655762
0xb71,575.3254248383323
0x20b0,836.0901862020404
0x2837,741.0306911154528
0x143d,952.3837242122648
0x7a7,597.2066194038573
0x1ac5,705.9831375132067
0x3127,470.647648380741
0x44fd,998.2338457859745
0x3395,775.4615114249556
0x4f65,868.5154736646879
0x2113,539.8130349154204
0x14cc,795.4315638810266
0x1997,573.7735454041479
0x2029,847.4170735887856
0x1590,827.1536857616192
0x4edf,572.9251274455571
0x47a6,574.6389497539545
0x4f5d,754.4182231535108
0x457,870.1683699520202
0x4485,1060.5115982812817
0x96b,1203.3434879283243
0xf6f,1016.8513328181332
0x3e96,569.9470434373139
0x2618,555.9697129838935
0x1706,918.1107657303559
0x21a5,932.9989570423227
0x3bcf,525.2993727380359
0x1dec,672.5986049096638
0x1f3d,951.0399686237719
0x12fd,634.8687620889476
0x4c60,831.0530497486055
0x2f8a,790.699126084086
0x2157,601.6358713856689
0x4690,518.4902084878977
0x4055,788.0493048153729
0x511a,918.8613304927294
0x376c,586.7764410664482
0x527,798.8244242340061
0x2667,542.7304011129638
0xf0d,1033.4117869099664
0x3417,475.22360662628006
0x3ce5,630.6084123395984
0x50f2,780.7433984854205
0x3cf0,700.8209054091055
0xdac,738.913885208872
0x119e,442.2005754604381
0x2773,788.3870367745938
0xb53,815.9343954533045
0x9c0,746.3839950767735
0x3189,552.9813633048656
0x745,868.9993815098258
0xc46,652.7702987596494
0x2527,677.9524085616681
0x1249,785.0150095756253
0x3930,674.4603001312659
0xebd,626.8199586941809
0x60f,619.2586460557407
0x35b1,606.6080410371391
0x3564,699.5730488886154
0x284c,578.5403715761717
0x3483,707.9705407464023
0x7f6,520.0372000003956
0x3dc0,885.5899152342245
0x4c28,464.29515198159106
0xd71,663.1063205248294
0x18dc,881.4226462755836
0x2623,617.1040896515586
0x40ae,780.290824354864
0x246e,943.5519049476363
0x32d8,971.0529198530966
0x313b,631.3362684031653
0x386a,648.4135429931165
0x224f,862.6376353058773
0x3d0f,536.1963429090158
0x3d78,811.2532475747439
0x2c76,558.8625910239226
0x5110,649.1186023461113
0xd04,1037.1306867250673
0x37d9,898.9999012063963
0x1071,993.044020581143
0x2089,1065.0563237328809
0x3281,596.76717797489
0x1f5c,458.9223618925996
0x4793,572.2916701283301
0x4d33,817.1427264033633
0x2f34,1190.4176729885173
0x3c55,609.2897487111903
0x3cf9,850.1129819630428
0x1360,660.0269313413633
0x13a0,567.9539951369298
0xc42,740.3620002205764
0x3169,689.5891180845745
0x4efd,1107.5550864008655
0x50cc,992.6310807561667
0x1db7,704.1351763646549
0x48e5,665.4635986492111
0x3088,720.86996488324
0x4a1e,705.7942843686808
0x278f,655.5627630214921
0x3401,630.2598871153353
0x48d8,881.7944330490733
0x117a,826.8225800707994
0x3561,915.6522838308929
0x93d,578.4560194625495
0x2faf,613.6839755223098
0xfd2,756.998548527627
0x413e,898.5947419389306
0x2493,879.9404042603004
0x4bc8,769.447539729022
0x2d12,623.841153233722
0x282b,778.5259167555259
0x43a9,675.3643780277373
0x84b,788.9366534352423
0x47fc,791.8854124562172
0x259f,810.7154185609661
0x39e9,953.6147900183572
0x3e42,751.3553377440188
0x421,668.134054405681
0x1777,838.1843902765421
0x145d,798.2731442200388
0x3085,859.6817937038456
0x44e0,618.102405552583
0x4c1f,636.9247575940137
0x110a,835.5585927616245
0x2843,639.3656863396917
0x3d5b,914.0241527945753
0x4bec,699.1666736254051
0x2d5e,529.7031364239156
0x384d,641.8967189567234
0xbe4,567.9548517004795
0x2707,962.6568122959803
0x17db,709.9828256079683
0x4c23,875.7593380513892
0x4e74,757.64242883131
0x1cb0,652.6200878165251
0x38a2,1071.0853584805836
0x319e,812.0262859855085
0x1f29,552.162229939215
0x3d40,994.4122512840903
0x4985,903.6497411434232
0x3caa,964.0732125010109
0x4072,486.9439208204658
0x1340,523.7316255463006
0x14ad,728.6251915215278
0x3cac,699.9514993289428
0x435f,615.5045972821606
0x10c8,756.5212387616741
0x1c33,687.0060173454494
0x1d64,901.8207012827012
0x18b3,703.740518765874
0x1859,1056.1165252681947
0x4661,871.0773643943281
0x4498,750.5809226860475
0x4e9d,1095.5223257160742
0x2a41,982.3732923365753
0x38b7,808.5800113317515
0x1694,434.766658752117
0x410c,782.5302354659041
0x2b72,875.4870351496264
0xf95,891.8722263305973
0x28b1,742.2551852597621
0x157b,773.8611535844333
0x2d73,554.1264585824881
0x5088,1043.4392802265154
0x3070,956.8430456340741
0x299e,1035.449605008239
0x249d,991.2934016322699
0x5085,1103.1187673011032
0x133f,608.7733100313197
0x4cb3,450.9578527715747
0xc30,758.1693860952128
0x230a,743.8572590118836
0x2f8b,497.02806958383326
0x3fe9,620.8019639195709
0x1856,716.1251507699369
0x1cb3,775.6257146170685
0x39b1,631.3438951425461
0x28ab,883.0752477333674
0x3004,619.7535944338738
0x3c44,587.9376579961588
0x2bd7,929.1095162111942
0x4227,845.9217491146978
0x11c5,911.9821112192077
0x2276,612.967101594559
0x1166,669.8899207938764
0x3d3a,605.2151045917619
0x35ef,753.3444103035973
0x2098,713.3999025540567
0x3c04,982.0628381807484
0x4d03,799.0660879610224
0xb39,880.5077395226183
0x51be,921.9724712072727
0x465,721.8855302644688
0x2f28,618.7498198549646
0x3117,836.5273082519716
0x4dd1,920.6113950867889
0x454f,732.146424855465
0x3c4d,768.5884899438776
0x447e,491.92629412392915
0x4a08,604.077143135777
0x1cd2,964.0439752378495
0x5a8,724.3314478296995
0x3933,672.4569176497404
0x3fd9,942.3907725380111
0x4b5,708.7710055988392
0x1b2d,497.39149630940636
0x149f,866.7516404940199
0x2834,650.5985356498593
0x689,683.6657787124623
0x1a02,1005.7216191406582
0x4586,885.3758345803989
0x690,754.4528208609801
0x3e75,766.2228978259581
0x1a10,663.7380661877892
0x1207,854.7473477429106
0x1f2d,523.2506282204953
0x493b,999.8400307675521
0x13b4,1250.466061883109
0x1259,653.7354235826464
0x310d,697.8048586331948
0x42f6,1068.7809275610118
0x1adb,640.9382126643935
0x4bdf,548.5865106220841
0x1b63,645.1658124456615
0x1c4a,1181.2147125733727
0x13bf,599.4433188843084
0x4fc9,538.5492767997564
0x3c02,470.99898159787966
0x72e,714.1903136469753
0x441,778.9875335884656
0x156b,736.559360281631
0x2b1e,708.3795476689819
0x50be,857.4481062320028
0x20d5,834.1541433607563
0x25f2,1128.1926638244622
0x3591,740.9471243456147
0x1c5a,884.6211979255124
0x2b96,764.357099333674
0xac9,901.6935890031536
0x5005,593.2090890035171
0x468c,918.5540331089587
0x2bb7,639.8543711688159
0x350d,833.703949617158
0x4fad,621.9597036984092
0xe3d,926.5626201870462
0x4a42,858.7020827017209
0x4454,476.59334426421043
0x300a,553.6109875099745
0x2e75,899.7136941358405
0x2048,896.6732806288301
0x1d54,922.2391539341043
0x3b48,526.2873901411908
0x502a,1021.6248542348768
0x1ece,764.1890280390909
0x2fb1,931.3307012819055
0x23fe,533.8493585925735
0x1e2c,846.6402572217165
0x403e,925.1976151885721
0x31c7,630.5238132538233
0x29da,869.3334915586275
0x3ec2,759.7858596376352
0x3050,568.443435715282
0x2b28,799.0215182837655
0x269e,518.6400393487253
0x4858,635.8534469920137
0x556,725.3955175111928
0x3cf6,728.2310289484806
0x1503,501.65732050086194
0x3246,694.4255510917342
0x4f7,1027.7099100605758
0x2619,922.8869695320591
0x2a1c,989.0237295848095
0x1f26,885.408212851167
0x1196,969.6498651204123
0x2950,840.6502153944888
0x4612,938.784319794284
0x212e,575.3394500402903
0x265f,787.5181030639859
0x3a0e,463.3665847459566
0x49b6,1045.2786909204342
0xea9,844.3275724457754
0x22ed,420.0558478785786
0x997,678.269584320509
0x15b9,834.004828234773
0x4c4b,385.6125132561058
0x4ff,684.9568613372668
0x2624,828.3530051037471
0x289c,797.1164651307276
0x2b24,767.7155428082621
0x10fa,928.501205350657
0x254b,1174.5201464975619
0x22ad,682.8200192483952
0x4e40,699.7688489827447
0x4790,875.7686464376665
0xf10,751.8969259032795
0x3ced,1096.2027471621213
0x4bc1,832.2542287194617
0x366f,872.2024129402141
0x4540,1050.474160286654
0x395e,507.25060920953774
0x7f4,584.8464197121614
0x2562,498.3473497488357
0x47fd,626.5361516892511
0x243c,985.4625857747471
0x16a8,716.43215990615
0x3d16,896.2790848098607
0x376d,895.9921110069206
0xc93,534.4925018240219
0x2153,721.5316663097616
0x228e,904.3279315655417
0x89b,582.822216280641
0x3bf9,851.2651701734078
0x5024,780.8084851720507
0x4323,1137.6431777893238
0x130b,554.328068181914
0x3010,612.6209438086296
0x30e2,686.602842301262
0x3944,1122.9813626853954
0x3a63,901.0538917312592
0x43c,568.5092243705076
0x2f0b,936.3723951479786
0x2d56,904.9105797892593
0x1a89,1118.894937745287
0x3ba1,657.748894383824
0x8ba,573.7622889016509
0x874,935.1551780189413
0x4c79,625.5274072528101
0x30a0,816.4980124051739
0xfbf,868.6466052072582
0x315e,1108.1320280825623
0x2c15,1051.9487820553543
0x20ae,1185.0460072670307
0x4048,1007.3129486891906
0x2a28,898.9914456138005
0x18c8,882.3920114106868
0x3957,472.1170965777582
0x1498,605.2062935088264
0x5139,976.8314668775813
0x1300,1123.4797708742456
0x572,856.1723317331011
0xd0f,660.246035955568
0xad6,850.8791619370825
0x3ca7,740.0597689113241
0xdb3,754.1320944283535
0x1718,674.6526752732225
0x1eb3,1295.2786998565227
0x50a5,1174.308568990021
0x326e,467.37455498912607
0x5121,697.8700870332601
0x525,813.5724280604084
0x51c1,783.6946849737498
0x1f43,964.1019361893603
0x4d1e,842.9554662520023
0x3732,1217.6419680575768
0x478d,606.6037918653865
0x2c29,746.8447224552968
0x324d,924.4683086192776
0x3a1d,461.327449371503
0x1fed,775.9018217668073
0x18f8,841.1245262856215
0x3260,714.1763144241258
0x3cf8,886.5630803601734
0x2dbb,997.4626282388801
0x1bd9,667.1157818119545
0x237d,646.749259362118
0x4491,1050.0760565942883
0x4539,806.9347546676258
0x38e4,949.5220493239442
0x3da3,864.4739745119099
0x3e93,755.2926164081282
0x4405,781.1305891630064
0x4eeb,534.8673950486871
0x3c65,599.6658283904134
0x3f65,822.539148952462
0xb7c,869.9127417104626
0x1ec8,489.4663067622815
0x17cf,992.9974358216134
0x254d,488.2132884183827
0x3083,873.1665574334528
0x17eb,828.2396947591625
0x35fe,526.5392314080499
0x3f7f,803.9866065587646
0x4cba,807.5563800105924
0x21f4,695.0809896650469
0x2d86,1136.5935594112314
0x26ee,876.2225461966162
0x31c9,964.8884912256044
0x2d95,652.0335542007443
0x1822,1036.561226510781
0x5175,675.1111251831111
0x1f37,843.0116296062473
0x31b1,581.3006974839656
0x4731,453.83905149552464
0x5af,1127.3711377033278
0x2d38,541.6328538414135
0x2a13,719.984244514123
0x3af2,720.816119576005
0xd46,701.8006589945909
0x4652,1118.70630610265
0x419d,951.3166727851251
0x241d,473.5741905974003
0x2823,754.4533653627767
0x35bd,626.2895549437262
0x3a1f,630.946515420596
0x4a02,752.3862453512878
0x4fe3,523.7672816363406
0x41e0,839.5792575765832
0x3dac,482.07931906960204
0x449b,979.717293499584
0x4e43,547.6397556507009
0x47dd,812.2226373711983
0x1ea9,594.6637108963366
0x1db6,862.2495029950229
0x44b7,733.4403774083155
0x3db7,530.6150869632106
0x334e,919.2433727429329
0x4695,794.724585553733
0x475,638.5597185567074
0x128c,527.7504874260895
0x4d9d,646.3227825889861
0x473b,1114.3498733765707
0x1828,618.0995615577219
0x4c52,854.9848603670588
0x4019,613.6402396585545
0x2acc,721.0983266333393
0x3ce3,764.5120682586472
0x1951,651.7404201914895
0x47c3,713.3681911522032
0x1dda,873.5904099956989
0x37cc,720.6465774954887
0x1605,554.4873241770841
0x33f9,610.6676002847863
0xcc3,830.1073785499726
0x1dde,912.9724271819931
0x2c3b,1114.6275440045367
0x4b6,1034.4716507652386
0x4d5a,862.9681389846713
0x2e01,966.3808933679851
